time_s,rep_event,assembly_event,rep_unpacked_products,rep_packaged_products,converted_packaged_products,unpacked_genome_after,packaged_genome_after,TX_L1_4,TL_L1_4,TX_L1_1,TL_L1_1,TX_L1_2,TL_L1_2,TX_L1_3,TL_L1_3,tx_total,tl_total
18,0,0,0,0,0,3,0,0,0,0,0,0,0,1,0,1,0
28,0,0,0,0,0,3,0,0,0,1,0,0,0,0,0,1,0
33,0,0,0,0,0,3,0,0,0,0,0,0,0,1,0,1,0
40,0,0,0,0,0,3,0,0,0,1,0,0,0,0,0,1,0
48,0,0,0,0,0,3,0,0,0,0,0,0,0,1,0,1,0
51,0,0,0,0,0,3,0,0,0,0,0,0,0,0,1,0,1
57,0,0,0,0,0,3,0,1,0,0,0,0,0,0,0,1,0
61,0,0,0,0,0,3,0,0,0,0,0,0,0,1,0,1,0
73,0,0,0,0,0,3,0,0,0,1,0,0,0,0,0,1,0
74,0,0,0,0,0,3,0,0,0,0,1,0,0,0,0,0,1
79,0,0,0,0,0,3,0,0,0,1,0,0,0,0,0,1,0
84,0,0,0,0,0,3,0,0,0,0,1,0,0,0,0,0,1
94,0,0,0,0,0,3,0,0,0,0,0,0,0,0,1,0,1
97,0,0,0,0,0,3,0,0,0,0,0,0,0,0,1,0,1
110,0,0,0,0,0,3,0,0,0,0,1,0,0,0,0,0,1
117,0,0,0,0,0,3,0,0,0,0,1,0,0,0,0,0,1
129,0,0,0,0,0,3,0,0,0,0,1,0,0,0,0,0,1
135,0,0,0,0,0,3,0,0,0,0,0,1,0,0,0,1,0
137,0,0,0,0,0,3,0,0,0,0,1,0,0,0,0,0,1
138,0,0,0,0,0,3,0,0,0,0,0,0,0,0,1,0,1
168,0,0,0,0,0,3,0,0,0,0,0,0,0,1,0,1,0
177,0,0,0,0,0,3,0,0,1,0,0,0,0,0,0,0,1
197,0,0,0,0,0,3,0,0,0,0,0,0,0,0,1,0,1
203,0,0,0,0,0,3,0,0,0,0,0,0,0,0,1,0,1
206,0,0,0,0,0,3,0,0,0,0,0,0,0,0,1,0,1
207,0,0,0,0,0,3,0,0,0,0,0,0,1,0,0,0,1
213,0,0,0,0,0,3,0,0,0,1,0,0,0,0,0,1,0
224,0,0,0,0,0,3,0,0,0,0,0,0,1,0,0,0,1
229,0,0,0,0,0,3,0,0,0,0,1,0,0,0,0,0,1
266,0,0,0,0,0,3,0,0,0,0,0,1,0,0,0,1,0
269,0,0,0,0,0,3,0,0,0,1,1,0,0,0,0,1,1
296,0,0,0,0,0,3,0,0,1,0,0,0,0,0,0,0,1
301,0,0,0,0,0,3,0,1,0,0,0,0,0,0,0,1,0
307,0,0,0,0,0,3,0,0,0,0,1,0,0,0,0,0,1
311,0,0,0,0,0,3,0,0,0,0,1,0,0,0,0,0,1
312,0,0,0,0,0,3,0,0,0,1,0,0,0,0,0,1,0
330,0,0,0,0,0,3,0,0,0,0,1,0,0,0,0,0,1
336,0,0,0,0,0,3,0,0,0,0,0,1,0,0,0,1,0
337,0,0,0,0,0,3,0,0,0,0,1,0,0,0,0,0,1
340,0,0,0,0,0,3,0,0,0,0,2,0,0,0,0,0,2
341,0,0,0,0,0,3,0,0,0,0,1,0,0,0,0,0,1
351,0,0,0,0,0,3,0,0,1,0,0,0,0,0,0,0,1
361,0,0,0,0,0,3,0,0,0,0,1,0,0,0,0,0,1
384,0,0,0,0,0,3,0,0,0,0,0,1,0,0,0,1,0
390,0,0,0,0,0,3,0,0,0,0,1,0,0,0,0,0,1
396,0,0,0,0,0,3,0,0,0,0,1,0,0,0,0,0,1
402,0,0,0,0,0,3,0,0,0,0,0,0,1,0,0,0,1
429,0,0,0,0,0,3,0,0,0,0,0,0,1,0,0,0,1
432,0,0,0,0,0,3,0,0,0,0,1,0,0,0,0,0,1
441,0,0,0,0,0,3,0,0,0,1,0,0,0,0,0,1,0
453,0,0,0,0,0,3,0,0,0,0,1,0,0,0,0,0,1
463,0,0,0,0,0,3,0,1,0,0,0,0,0,0,0,1,0
464,0,0,0,0,0,3,0,0,0,0,1,0,0,0,0,0,1
473,0,0,0,0,0,3,0,0,0,0,1,0,0,0,0,0,1
475,0,0,0,0,0,3,0,0,1,0,0,0,0,0,0,0,1
489,0,0,0,0,0,3,0,0,0,0,1,0,0,0,0,0,1
501,0,0,0,0,0,3,0,0,0,0,0,0,1,0,0,0,1
502,0,0,0,0,0,3,0,0,0,0,0,0,1,0,0,0,1
506,0,0,0,0,0,3,0,0,0,0,1,0,0,0,0,0,1
514,0,0,0,0,0,3,0,0,1,0,0,0,0,0,0,0,1
523,0,0,0,0,0,3,0,1,0,0,0,0,0,0,0,1,0
540,0,0,0,0,0,3,0,0,0,0,1,0,0,0,0,0,1
543,0,0,0,0,0,3,0,0,0,0,0,0,1,0,0,0,1
557,0,0,0,0,0,3,0,1,0,0,0,0,0,0,0,1,0
571,0,0,0,0,0,3,0,0,0,0,0,0,1,0,0,0,1
575,0,0,0,0,0,3,0,0,0,0,1,0,0,0,0,0,1
578,0,0,0,0,0,3,0,0,0,0,1,0,0,0,0,0,1
583,0,0,0,0,0,3,0,0,0,1,0,0,0,0,0,1,0
586,0,0,0,0,0,3,0,0,0,0,0,0,1,0,0,0,1
588,0,0,0,0,0,3,0,0,0,0,0,0,0,1,0,1,0
592,0,0,0,0,0,3,0,0,1,0,0,0,0,0,0,0,1
593,0,0,0,0,0,3,0,0,0,0,0,0,0,0,1,0,1
603,0,0,0,0,0,3,0,0,0,0,0,0,0,0,1,0,1
606,0,0,0,0,0,3,0,0,1,0,0,0,0,0,0,0,1
622,0,0,0,0,0,3,0,0,1,0,0,0,0,0,0,0,1
629,0,0,0,0,0,3,0,0,0,0,1,0,0,0,0,0,1
642,0,0,0,0,0,3,0,0,0,0,1,0,0,0,0,0,1
656,0,0,0,0,0,3,0,0,0,0,1,0,0,0,0,0,1
657,0,0,0,0,0,3,0,0,0,0,1,0,0,0,0,0,1
658,0,0,0,0,0,3,0,0,0,0,1,0,0,0,0,0,1
688,0,0,0,0,0,3,0,0,0,0,1,0,0,0,0,0,1
701,0,0,0,0,0,3,0,0,0,0,0,0,0,0,1,0,1
703,0,0,0,0,0,3,0,0,1,0,0,0,0,0,0,0,1
712,0,0,0,0,0,3,0,0,0,0,1,0,0,0,0,0,1
713,0,0,0,0,0,3,0,0,1,0,0,0,0,0,0,0,1
718,0,0,0,0,0,3,0,0,0,0,0,0,0,1,0,1,0
733,0,0,0,0,0,3,0,0,1,0,0,0,0,0,0,0,1
745,0,0,0,0,0,3,0,0,1,0,0,0,0,0,0,0,1
746,0,0,0,0,0,3,0,0,0,0,0,0,1,0,0,0,1
762,0,0,0,0,0,3,0,0,0,0,0,0,0,1,0,1,0
772,0,0,0,0,0,3,0,0,0,1,0,0,0,0,0,1,0
777,0,0,0,0,0,3,0,0,0,0,1,0,0,0,0,0,1
780,0,0,0,0,0,3,0,1,0,0,0,0,1,0,0,1,1
790,0,0,0,0,0,3,0,0,0,0,0,1,0,0,0,1,0
791,0,0,0,0,0,3,0,0,0,0,0,0,0,1,0,1,0
808,0,0,0,0,0,3,0,0,0,0,0,0,0,0,1,0,1
810,0,0,0,0,0,3,0,0,1,0,0,0,0,0,0,0,1
814,0,0,0,0,0,3,0,1,0,0,0,0,0,0,0,1,0
823,0,0,0,0,0,3,0,0,0,0,0,0,1,0,0,0,1
845,0,0,0,0,0,3,0,0,1,0,0,0,0,0,0,0,1
848,0,0,0,0,0,3,0,0,0,0,1,0,0,0,0,0,1
854,0,0,0,0,0,3,0,0,0,0,0,1,0,0,0,1,0
861,0,0,0,0,0,3,0,0,0,0,1,0,0,0,0,0,1
874,0,0,0,0,0,3,0,0,1,0,0,0,0,0,0,0,1
882,0,0,0,0,0,3,0,0,0,0,0,0,2,0,0,0,2
894,0,0,0,0,0,3,0,0,1,0,0,0,0,0,0,0,1
903,0,0,0,0,0,3,0,0,0,0,0,0,1,0,0,0,1
912,0,0,0,0,0,3,0,0,0,0,1,0,0,0,0,0,1
923,0,0,0,0,0,3,0,0,1,0,0,0,0,0,0,0,1
941,0,0,0,0,0,3,0,0,0,0,0,0,1,0,0,0,1
949,0,0,0,0,0,3,0,0,1,0,0,0,0,0,0,0,1
976,0,0,0,0,0,3,0,0,0,0,0,0,1,0,0,0,1
989,0,0,0,0,0,3,0,0,0,0,1,0,0,0,0,0,1
997,0,0,0,0,0,3,0,0,1,0,0,0,0,0,0,0,1
1029,0,0,0,0,0,3,0,0,0,0,0,0,1,0,0,0,1
1040,0,0,0,0,0,3,0,0,0,0,1,0,0,0,0,0,1
1052,0,0,0,0,0,3,0,0,0,0,0,0,1,0,0,0,1
1064,0,0,0,0,0,3,0,0,0,0,0,0,1,0,0,0,1
1077,0,0,0,0,0,3,0,0,0,0,1,0,0,0,0,0,1
1082,0,0,0,0,0,3,0,0,0,0,1,0,0,0,0,0,1
1091,0,0,0,0,0,3,0,0,1,0,0,0,0,0,0,0,1
1101,0,0,0,0,0,3,0,0,0,0,0,0,1,0,0,0,1
1113,0,0,0,0,0,3,0,0,0,0,0,0,0,1,0,1,0
1121,0,0,0,0,0,3,0,0,0,0,1,0,0,0,0,0,1
1131,0,0,0,0,0,3,0,0,0,0,0,0,1,0,0,0,1
1174,0,0,0,0,0,3,0,0,1,0,0,0,0,0,0,0,1
1188,0,0,0,0,0,3,0,0,1,0,0,0,0,0,0,0,1
1191,0,0,0,0,0,3,0,0,0,0,1,0,0,0,0,0,1
1280,0,0,0,0,0,3,0,0,0,0,0,0,1,0,0,0,1
1296,0,0,0,0,0,3,0,0,0,0,0,1,0,0,0,1,0
1301,0,0,0,0,0,3,0,0,0,0,0,0,1,0,0,0,1
1332,0,0,0,0,0,3,0,0,0,0,0,0,1,0,0,0,1
1344,0,0,0,0,0,3,0,0,0,0,0,1,0,0,0,1,0
1353,0,0,0,0,0,3,0,0,0,0,0,0,1,0,0,0,1
1376,0,0,0,0,0,3,0,0,0,0,0,0,0,1,0,1,0
1380,0,0,0,0,0,3,0,0,0,0,0,0,0,1,0,1,0
1398,0,0,0,0,0,3,0,0,0,0,0,1,0,0,0,1,0
1399,0,0,0,0,0,3,0,0,0,1,0,0,0,0,0,1,0
1411,0,0,0,0,0,3,0,0,0,0,0,1,0,0,0,1,0
1413,0,0,0,0,0,3,0,0,0,0,0,0,1,0,0,0,1
1433,0,0,0,0,0,3,0,0,0,0,1,0,0,0,0,0,1
1450,0,0,0,0,0,3,0,0,0,0,0,0,1,0,0,0,1
1454,0,0,0,0,0,3,0,0,0,0,0,0,1,0,0,0,1
1471,0,0,0,0,0,3,0,0,0,0,1,0,0,0,0,0,1
1475,0,0,0,0,0,3,0,0,0,0,0,0,0,0,1,0,1
1478,0,0,0,0,0,3,0,0,0,0,0,0,1,0,0,0,1
1528,0,0,0,0,0,3,0,0,0,0,0,0,1,0,0,0,1
1544,0,0,0,0,0,3,0,0,0,0,0,0,1,0,0,0,1
1551,0,0,0,0,0,3,0,1,0,0,0,0,0,0,0,1,0
1555,0,0,0,0,0,3,0,0,0,0,0,0,0,1,0,1,0
1557,0,0,0,0,0,3,0,0,0,0,0,0,1,0,0,0,1
1564,0,0,0,0,0,3,0,0,0,0,0,1,0,0,0,1,0
1565,0,0,0,0,0,3,0,0,0,0,0,0,0,0,1,0,1
1566,0,0,0,0,0,3,0,0,0,0,0,1,0,0,0,1,0
1587,0,0,0,0,0,3,0,0,0,0,0,0,0,0,1,0,1
1589,0,0,0,0,0,3,0,0,0,0,0,0,1,0,0,0,1
1600,0,0,0,0,0,3,0,0,0,1,0,0,0,0,0,1,0
1602,0,0,0,0,0,3,0,0,0,0,0,0,0,0,1,0,1
1608,0,0,0,0,0,3,0,0,0,0,0,0,1,0,0,0,1
1609,0,0,0,0,0,3,0,0,0,0,0,1,0,0,0,1,0
1611,0,0,0,0,0,3,0,0,0,0,0,0,1,0,0,0,1
1629,0,0,0,0,0,3,0,1,0,0,0,0,0,0,0,1,0
1631,0,0,0,0,0,3,0,0,0,0,0,0,1,0,0,0,1
1636,0,0,0,0,0,3,0,0,0,0,1,0,1,0,0,0,2
1646,0,0,0,0,0,3,0,0,0,0,0,0,1,0,0,0,1
1649,0,0,0,0,0,3,0,0,0,0,0,0,0,0,1,0,1
1682,0,0,0,0,0,3,0,0,0,0,0,0,0,0,1,0,1
1699,0,0,0,0,0,3,0,0,0,0,1,0,0,0,0,0,1
1717,0,0,0,0,0,3,0,0,0,0,0,0,1,0,0,0,1
1726,0,0,0,0,0,3,0,0,0,0,1,0,0,0,0,0,1
1729,0,0,0,0,0,3,0,0,0,0,0,0,0,1,0,1,0
1747,0,0,0,0,0,3,0,0,0,0,0,0,0,0,1,0,1
1749,0,0,0,0,0,3,0,0,0,0,0,0,1,0,0,0,1
1758,0,0,0,0,0,3,0,0,0,0,0,1,0,0,0,1,0
1766,0,0,0,0,0,3,0,1,0,0,0,0,0,0,0,1,0
1768,0,0,0,0,0,3,0,0,0,0,0,0,1,0,0,0,1
1772,0,0,0,0,0,3,0,0,0,0,0,0,1,0,0,0,1
1774,0,0,0,0,0,3,0,0,0,0,0,0,0,0,1,0,1
1775,0,0,0,0,0,3,0,0,0,0,0,1,0,0,0,1,0
1782,0,0,0,0,0,3,0,0,0,0,0,0,1,0,0,0,1
1784,0,0,0,0,0,3,0,0,0,0,0,0,1,0,1,0,2
1798,0,0,0,0,0,3,0,0,0,0,0,0,0,0,1,0,1
1802,0,0,0,0,0,3,0,0,0,0,0,0,1,0,0,0,1
1807,0,0,0,0,0,3,0,0,1,0,0,0,0,0,0,0,1
1808,0,0,0,0,0,3,0,0,0,0,0,0,1,0,0,0,1
1813,0,0,0,0,0,3,0,0,0,0,0,0,1,0,0,0,1
1816,0,0,0,0,0,3,0,0,0,1,0,0,1,0,0,1,1
1818,0,0,0,0,0,3,0,0,0,0,0,0,1,0,0,0,1
1822,0,0,0,0,0,3,0,1,0,0,0,0,0,0,0,1,0
1823,0,0,0,0,0,3,0,0,0,0,0,0,0,0,1,0,1
1832,0,0,0,0,0,3,0,0,1,0,0,0,0,0,0,0,1
1835,0,0,0,0,0,3,0,0,0,0,0,0,0,0,1,0,1
1845,0,0,0,0,0,3,0,0,0,0,1,1,0,0,0,1,1
1861,0,0,0,0,0,3,0,0,1,0,0,0,0,0,0,0,1
1862,0,0,0,0,0,3,0,0,0,0,0,0,0,1,0,1,0
1870,0,0,0,0,0,3,0,0,0,1,0,0,0,0,0,1,0
1874,0,0,0,0,0,3,0,0,0,0,0,0,0,0,1,0,1
1876,0,0,0,0,0,3,0,0,0,0,0,0,1,0,0,0,1
1877,0,0,0,0,0,3,0,0,0,0,0,1,0,0,0,1,0
1887,0,0,0,0,0,3,0,0,0,0,0,0,1,0,0,0,1
1907,1,0,1,0,0,4,0,0,0,0,0,0,0,0,0,0,0
1911,0,0,0,0,0,4,0,0,0,0,0,0,0,1,0,1,0
1925,0,0,0,0,0,4,0,0,0,0,0,0,1,0,0,0,1
1937,0,0,0,0,0,4,0,0,0,0,0,0,1,0,0,0,1
1943,0,0,0,0,0,4,0,0,0,1,0,0,0,0,0,1,0
1946,0,0,0,0,0,4,0,0,1,0,0,0,0,0,0,0,1
1947,0,0,0,0,0,4,0,0,0,0,0,0,1,0,0,0,1
1959,0,0,0,0,0,4,0,0,0,0,0,0,1,0,0,0,1
1963,0,0,0,0,0,4,0,0,0,0,0,0,0,0,1,0,1
1965,0,0,0,0,0,4,0,0,0,0,0,0,0,0,1,0,1
1966,0,0,0,0,0,4,0,0,1,0,0,0,0,0,0,0,1
1969,0,0,0,0,0,4,0,0,0,0,0,0,1,0,0,0,1
1980,0,0,0,0,0,4,0,0,0,0,0,0,1,0,0,0,1
1981,0,0,0,0,0,4,0,0,0,0,0,1,0,0,0,1,0
1990,1,0,1,0,0,5,0,1,0,0,0,0,0,0,0,1,0
1998,0,0,0,0,0,5,0,0,0,0,0,0,0,0,1,0,1
2002,0,0,0,0,0,5,0,0,0,0,0,0,1,0,0,0,1
2014,0,0,0,0,0,5,0,0,1,0,0,0,1,0,0,0,2
2018,0,0,0,0,0,5,0,0,0,0,0,0,1,0,0,0,1
2027,0,0,0,0,0,5,0,0,0,1,0,0,0,0,0,1,0
2033,0,0,0,0,0,5,0,0,0,0,0,0,0,0,1,0,1
2034,0,0,0,0,0,5,0,0,1,0,0,0,0,0,0,0,1
2038,0,0,0,0,0,5,0,0,0,1,0,0,0,0,0,1,0
2041,0,0,0,0,0,5,0,1,0,0,0,0,0,0,0,1,0
2046,0,0,0,0,0,5,0,0,0,0,1,0,0,0,0,0,1
2054,0,0,0,0,0,5,0,0,0,0,0,1,0,0,0,1,0
2071,0,0,0,0,0,5,0,0,0,0,1,0,0,0,0,0,1
2072,0,0,0,0,0,5,0,0,0,0,1,0,0,0,0,0,1
2076,0,0,0,0,0,5,0,0,1,0,0,0,0,0,0,0,1
2079,0,0,0,0,0,5,0,0,0,0,0,0,1,0,0,0,1
2090,0,0,0,0,0,5,0,0,0,0,0,0,1,0,0,0,1
2091,0,0,0,0,0,5,0,0,0,0,0,0,1,0,0,0,1
2093,0,0,0,0,0,5,0,0,0,0,1,0,0,0,0,0,1
2101,0,0,0,0,0,5,0,0,0,0,1,0,0,0,0,0,1
2114,0,0,0,0,0,5,0,0,0,0,1,0,0,0,0,0,1
2116,0,0,0,0,0,5,0,0,1,0,0,0,0,0,0,0,1
2117,0,0,0,0,0,5,0,1,0,0,0,0,0,0,0,1,0
2121,0,0,0,0,0,5,0,0,0,0,2,0,0,0,0,0,2
2124,0,0,0,0,0,5,0,0,0,0,0,0,1,0,0,0,1
2128,0,0,0,0,0,5,0,0,0,0,1,0,0,0,0,0,1
2129,0,0,0,0,0,5,0,0,0,0,1,0,0,0,0,0,1
2137,0,0,0,0,0,5,0,1,0,0,0,0,0,0,0,1,0
2139,0,0,0,0,0,5,0,0,0,0,1,0,0,0,0,0,1
2140,0,0,0,0,0,5,0,0,0,0,0,0,1,0,0,0,1
2148,0,0,0,0,0,5,0,0,0,0,0,0,1,0,0,0,1
2160,0,0,0,0,0,5,0,1,0,0,0,0,0,0,0,1,0
2163,0,0,0,0,0,5,0,0,0,0,0,0,1,0,0,0,1
2172,0,0,0,0,0,5,0,0,0,0,0,0,1,0,0,0,1
2180,0,0,0,0,0,5,0,0,1,0,0,0,0,0,0,0,1
2182,1,0,1,0,0,6,0,0,0,0,0,0,0,0,0,0,0
2185,0,0,0,0,0,6,0,0,0,0,0,1,0,0,0,1,0
2208,0,0,0,0,0,6,0,0,0,0,0,1,0,0,0,1,0
2209,0,0,0,0,0,6,0,0,0,0,0,0,1,0,0,0,1
2213,0,0,0,0,0,6,0,0,1,0,0,0,0,0,0,0,1
2219,0,0,0,0,0,6,0,0,0,0,0,1,0,0,0,1,0
2228,0,0,0,0,0,6,0,0,1,0,0,0,0,0,0,0,1
2229,0,0,0,0,0,6,0,0,0,0,0,0,1,0,0,0,1
2233,0,0,0,0,0,6,0,0,1,0,0,0,0,0,0,0,1
2244,0,0,0,0,0,6,0,0,0,0,0,1,0,0,0,1,0
2245,0,0,0,0,0,6,0,0,0,0,0,0,0,1,0,1,0
2250,0,0,0,0,0,6,0,0,0,1,0,0,0,0,0,1,0
2257,0,0,0,0,0,6,0,0,0,0,0,0,1,0,0,0,1
2264,0,0,0,0,0,6,0,0,0,0,0,0,1,1,0,1,1
2275,0,0,0,0,0,6,0,0,1,0,0,0,0,0,0,0,1
2279,0,0,0,0,0,6,0,0,0,0,0,0,0,1,0,1,0
2293,0,0,0,0,0,6,0,0,0,0,0,0,0,0,1,0,1
2297,0,0,0,0,0,6,0,0,0,0,0,0,0,0,1,0,1
2300,0,0,0,0,0,6,0,0,0,0,0,0,1,0,0,0,1
2316,0,0,0,0,0,6,0,0,0,0,0,0,0,0,1,0,1
2323,0,0,0,0,0,6,0,0,0,0,0,0,1,0,0,0,1
2349,0,0,0,0,0,6,0,0,1,0,0,0,0,0,0,0,1
2350,0,0,0,0,0,6,0,0,0,0,0,0,1,0,0,0,1
2352,0,0,0,0,0,6,0,0,0,0,0,0,1,0,0,0,1
2367,0,0,0,0,0,6,0,0,0,0,0,0,1,0,0,0,1
2372,0,0,0,0,0,6,0,1,0,0,0,0,0,0,0,1,0
2375,0,0,0,0,0,6,0,0,0,0,0,0,0,0,1,0,1
2386,0,0,0,0,0,6,0,0,0,1,0,0,0,0,0,1,0
2391,0,0,0,0,0,6,0,0,0,0,1,0,0,0,0,0,1
2393,0,0,0,0,0,6,0,0,1,0,0,0,0,0,0,0,1
2403,0,0,0,0,0,6,0,0,0,0,0,1,0,0,0,1,0
2411,0,0,0,0,0,6,0,0,1,0,0,0,0,0,1,0,2
2413,0,0,0,0,0,6,0,0,0,0,0,0,0,1,0,1,0
2419,0,0,0,0,0,6,0,0,1,0,0,0,0,0,0,0,1
2426,0,0,0,0,0,6,0,0,0,0,0,0,1,0,0,0,1
2452,0,0,0,0,0,6,0,0,0,0,0,0,0,0,1,0,1
2453,0,0,0,0,0,6,0,1,0,0,0,0,0,0,0,1,0
2458,0,0,0,0,0,6,0,0,0,0,0,0,0,0,1,0,1
2463,0,0,0,0,0,6,0,0,2,0,0,0,0,0,0,0,2
2468,0,0,0,0,0,6,0,0,0,0,0,1,0,0,0,1,0
2469,0,0,0,0,0,6,0,1,0,0,0,0,0,0,0,1,0
2470,0,0,0,0,0,6,0,0,0,1,0,0,0,0,0,1,0
2494,0,0,0,0,0,6,0,0,0,0,1,0,0,0,0,0,1
2496,0,0,0,0,0,6,0,0,0,0,1,0,0,0,0,0,1
2501,0,0,0,0,0,6,0,0,1,1,0,0,0,0,0,1,1
2502,0,0,0,0,0,6,0,0,1,0,0,0,0,0,0,0,1
2507,0,0,0,0,0,6,0,0,1,0,0,0,0,0,0,0,1
2508,0,0,0,0,0,6,0,0,0,0,0,0,1,0,0,0,1
2514,0,0,0,0,0,6,0,0,1,0,1,0,0,0,0,0,2
2520,0,0,0,0,0,6,0,0,1,0,0,0,0,0,0,0,1
2524,0,0,0,0,0,6,0,0,1,0,0,0,0,0,0,0,1
2545,0,0,0,0,0,6,0,0,0,0,2,0,0,0,0,0,2
2553,0,0,0,0,0,6,0,0,0,0,0,0,0,0,1,0,1
2559,0,0,0,0,0,6,0,0,0,1,0,0,0,0,0,1,0
2562,0,0,0,0,0,6,0,0,0,0,0,1,0,0,0,1,0
2567,0,0,0,0,0,6,0,0,0,0,0,0,0,0,1,0,1
2571,0,0,0,0,0,6,0,0,0,0,0,0,1,0,0,0,1
2572,0,0,0,0,0,6,0,0,1,0,0,0,0,0,0,0,1
2575,0,0,0,0,0,6,0,0,0,0,0,0,1,0,0,0,1
2577,0,0,0,0,0,6,0,0,1,0,0,0,0,0,0,0,1
2580,0,0,0,0,0,6,0,0,0,0,1,0,0,0,0,0,1
2588,0,0,0,0,0,6,0,0,0,0,1,0,0,0,0,0,1
2598,0,0,0,0,0,6,0,0,0,0,0,0,0,0,1,0,1
2602,0,0,0,0,0,6,0,0,1,0,1,0,0,0,0,0,2
2603,0,0,0,0,0,6,0,0,1,0,0,0,0,0,0,0,1
2609,0,0,0,0,0,6,0,0,0,0,0,0,0,0,1,0,1
2618,0,0,0,0,0,6,0,0,0,0,1,0,0,0,0,0,1
2620,0,0,0,0,0,6,0,1,0,0,0,0,0,0,0,1,0
2627,0,0,0,0,0,6,0,0,1,0,0,0,0,0,0,0,1
2630,0,0,0,0,0,6,0,0,0,0,1,0,0,0,0,0,1
2636,0,0,0,0,0,6,0,1,0,0,0,0,0,0,0,1,0
2640,0,0,0,0,0,6,0,0,1,0,0,0,0,0,0,0,1
2641,0,0,0,0,0,6,0,0,1,0,0,0,0,0,0,0,1
2648,0,0,0,0,0,6,0,0,1,0,0,0,0,0,0,0,1
2650,0,0,0,0,0,6,0,1,0,0,0,0,0,0,0,1,0
2659,0,0,0,0,0,6,0,0,1,0,0,0,0,0,0,0,1
2660,0,0,0,0,0,6,0,1,0,0,0,0,0,0,0,1,0
2661,0,0,0,0,0,6,0,0,0,0,0,1,0,0,0,1,0
2662,0,0,0,0,0,6,0,0,0,0,0,0,1,0,0,0,1
2664,0,0,0,0,0,6,0,0,0,0,1,0,0,0,0,0,1
2668,0,0,0,0,0,6,0,0,0,1,0,0,0,0,0,1,0
2670,0,0,0,0,0,6,0,0,0,0,0,1,0,0,0,1,0
2674,0,0,0,0,0,6,0,0,0,1,0,0,0,0,0,1,0
2680,0,0,0,0,0,6,0,0,0,0,1,0,0,0,0,0,1
2688,0,0,0,0,0,6,0,0,1,0,0,0,0,0,0,0,1
2695,0,0,0,0,0,6,0,0,1,0,0,0,0,0,0,0,1
2697,0,0,0,0,0,6,0,0,0,0,0,0,0,1,0,1,0
2702,0,0,0,0,0,6,0,0,0,0,1,0,0,0,0,0,1
2703,0,0,0,0,0,6,0,0,1,0,0,0,0,0,0,0,1
2704,0,0,0,0,0,6,0,0,1,0,0,0,0,1,0,1,1
2711,0,0,0,0,0,6,0,0,0,0,1,0,0,0,0,0,1
2714,0,0,0,0,0,6,0,0,0,0,0,0,0,0,1,0,1
2719,0,0,0,0,0,6,0,0,1,0,0,0,0,0,0,0,1
2728,0,0,0,0,0,6,0,0,0,0,0,0,0,0,1,0,1
2731,0,0,0,0,0,6,0,0,0,0,0,0,0,0,1,0,1
2735,0,0,0,0,0,6,0,0,0,1,0,0,0,0,0,1,0
2741,0,0,0,0,0,6,0,1,0,0,0,0,0,0,0,1,0
2752,0,0,0,0,0,6,0,0,0,0,0,0,0,0,1,0,1
2755,0,0,0,0,0,6,0,1,0,0,0,0,0,0,0,1,0
2756,0,0,0,0,0,6,0,0,0,0,1,0,0,0,0,0,1
2758,0,0,0,0,0,6,0,1,0,0,0,0,0,0,0,1,0
2766,0,0,0,0,0,6,0,0,0,1,0,0,0,0,0,1,0
2775,0,0,0,0,0,6,0,0,1,0,0,1,0,0,0,1,1
2776,0,0,0,0,0,6,0,0,0,0,1,0,0,0,0,0,1
2778,0,0,0,0,0,6,0,0,1,0,0,0,0,0,0,0,1
2779,0,0,0,0,0,6,0,0,1,0,0,0,0,0,0,0,1
2781,0,0,0,0,0,6,0,0,0,0,0,0,1,0,0,0,1
2792,0,0,0,0,0,6,0,0,0,1,0,0,0,0,0,1,0
2797,0,0,0,0,0,6,0,0,0,1,0,0,0,0,0,1,0
2798,0,0,0,0,0,6,0,0,0,1,0,0,0,0,0,1,0
2801,0,0,0,0,0,6,0,0,0,0,0,0,1,0,0,0,1
2813,0,0,0,0,0,6,0,0,0,0,1,0,0,0,0,0,1
2819,0,0,0,0,0,6,0,0,1,0,0,0,0,0,0,0,1
2823,0,0,0,0,0,6,0,0,0,0,1,0,0,0,0,0,1
2833,0,0,0,0,0,6,0,0,0,0,0,0,0,0,1,0,1
2837,0,0,0,0,0,6,0,0,1,0,0,0,0,0,0,0,1
2838,0,0,0,0,0,6,0,0,1,0,0,0,0,0,0,0,1
2841,0,0,0,0,0,6,0,1,1,0,0,0,0,0,0,1,1
2850,0,0,0,0,0,6,0,0,0,0,0,0,0,1,0,1,0
2851,0,0,0,0,0,6,0,1,0,0,0,0,0,0,0,1,0
2853,0,0,0,0,0,6,0,0,0,0,1,0,0,0,0,0,1
2855,0,0,0,0,0,6,0,0,1,0,0,0,0,0,0,0,1
2859,0,0,0,0,0,6,0,0,1,0,0,0,0,0,0,0,1
2867,0,0,0,0,0,6,0,0,0,0,0,0,0,0,1,0,1
2870,0,0,0,0,0,6,0,0,1,0,0,0,0,0,0,0,1
2873,0,0,0,0,0,6,0,0,0,0,0,1,0,0,0,1,0
2875,0,0,0,0,0,6,0,0,0,0,1,0,0,0,0,0,1
2888,0,0,0,0,0,6,0,0,0,0,0,0,1,0,0,0,1
2895,0,0,0,0,0,6,0,0,1,0,0,0,0,0,0,0,1
2897,0,0,0,0,0,6,0,0,1,0,0,0,0,0,0,0,1
2906,0,0,0,0,0,6,0,0,1,0,0,0,0,0,0,0,1
2907,0,0,0,0,0,6,0,0,0,0,1,0,0,0,0,0,1
2908,0,0,0,0,0,6,0,0,1,0,0,0,0,0,0,0,1
2909,0,0,0,0,0,6,0,0,0,0,0,0,0,0,1,0,1
2921,0,0,0,0,0,6,0,0,0,0,0,1,0,0,0,1,0
2924,0,0,0,0,0,6,0,0,1,0,0,0,0,0,0,0,1
2935,0,0,0,0,0,6,0,0,1,0,0,0,0,0,0,0,1
2938,0,0,0,0,0,6,0,0,0,0,0,0,0,0,1,0,1
2941,1,0,1,0,0,7,0,0,0,0,0,0,0,0,0,0,0
2953,0,0,0,0,0,7,0,0,0,0,1,0,0,0,0,0,1
2959,0,0,0,0,0,7,0,0,0,0,0,0,1,0,0,0,1
2963,0,0,0,0,0,7,0,0,1,0,0,0,0,0,0,0,1
2964,0,0,0,0,0,7,0,0,1,0,0,0,0,0,0,0,1
2972,0,0,0,0,0,7,0,0,0,0,0,0,0,1,0,1,0
2995,0,0,0,0,0,7,0,0,1,0,0,0,0,0,0,0,1
2998,0,0,0,0,0,7,0,0,0,0,0,0,1,0,0,0,1
3002,0,0,0,0,0,7,0,0,0,0,0,0,1,0,0,0,1
3007,0,0,0,0,0,7,0,0,0,0,0,0,0,0,1,0,1
3012,0,0,0,0,0,7,0,0,1,0,0,0,0,0,0,0,1
3019,0,0,0,0,0,7,0,0,0,0,1,0,0,0,0,0,1
3024,0,0,0,0,0,7,0,0,0,0,1,0,0,0,0,0,1
3049,0,0,0,0,0,7,0,0,0,0,0,1,0,0,0,1,0
3051,0,0,0,0,0,7,0,0,0,0,0,0,0,0,1,0,1
3055,0,0,0,0,0,7,0,0,0,0,0,0,1,0,0,0,1
3059,0,0,0,0,0,7,0,0,1,0,0,0,0,0,0,0,1
3068,0,0,0,0,0,7,0,0,0,0,0,0,0,0,1,0,1
3086,0,0,0,0,0,7,0,0,0,1,0,1,0,0,0,2,0
3087,0,0,0,0,0,7,0,0,0,0,0,0,1,0,0,0,1
3092,0,0,0,0,0,7,0,0,0,0,0,1,0,0,0,1,0
3095,0,0,0,0,0,7,0,0,0,0,1,0,0,0,0,0,1
3098,0,0,0,0,0,7,0,0,0,0,0,1,0,0,0,1,0
3107,0,0,0,0,0,7,0,0,0,0,0,0,1,0,0,0,1
3109,0,0,0,0,0,7,0,0,1,0,0,0,0,0,0,0,1
3110,0,0,0,0,0,7,0,0,0,0,0,1,1,0,0,1,1
3116,0,0,0,0,0,7,0,0,0,0,0,0,1,0,0,0,1
3118,0,0,0,0,0,7,0,0,0,0,1,0,0,0,0,0,1
3120,0,0,0,0,0,7,0,0,0,0,1,0,0,0,0,0,1
3126,0,0,0,0,0,7,0,1,0,0,0,0,1,0,0,1,1
3133,0,0,0,0,0,7,0,0,0,0,0,1,0,0,0,1,0
3134,0,0,0,0,0,7,0,0,0,0,0,0,0,1,0,1,0
3140,0,0,0,0,0,7,0,0,1,0,0,0,0,0,0,0,1
3144,0,0,0,0,0,7,0,0,0,0,0,0,1,0,0,0,1
3145,0,0,0,0,0,7,0,0,0,0,0,0,0,0,1,0,1
3148,0,0,0,0,0,7,0,0,0,0,0,0,1,0,0,0,1
3166,1,0,1,0,0,8,0,0,0,0,0,0,0,0,0,0,0
3176,0,0,0,0,0,8,0,0,0,0,0,0,1,0,0,0,1
3187,0,0,0,0,0,8,0,0,0,0,0,0,1,0,0,0,1
3190,0,0,0,0,0,8,0,0,0,1,0,0,0,0,0,1,0
3191,0,0,0,0,0,8,0,0,0,0,0,0,1,0,0,0,1
3216,0,0,0,0,0,8,0,0,0,0,0,0,0,0,1,0,1
3218,0,0,0,0,0,8,0,0,0,0,0,0,1,0,0,0,1
3222,0,0,0,0,0,8,0,0,0,1,0,0,0,0,0,1,0
3223,0,0,0,0,0,8,0,0,0,0,0,0,0,1,1,1,1
3227,0,0,0,0,0,8,0,0,0,0,2,0,0,0,0,0,2
3231,0,0,0,0,0,8,0,0,0,0,1,0,0,0,0,0,1
3236,0,0,0,0,0,8,0,1,0,0,0,0,0,0,0,1,0
3241,0,0,0,0,0,8,0,0,0,0,0,1,0,0,0,1,0
3245,0,0,0,0,0,8,0,0,0,0,0,1,0,0,0,1,0
3249,0,0,0,0,0,8,0,0,0,1,0,0,0,0,0,1,0
3250,0,0,0,0,0,8,0,0,0,0,1,0,0,0,0,0,1
3255,0,0,0,0,0,8,0,0,0,0,0,0,1,0,0,0,1
3270,0,0,0,0,0,8,0,0,0,0,0,0,0,0,1,0,1
3274,0,0,0,0,0,8,0,0,0,0,0,0,2,1,0,1,2
3275,0,0,0,0,0,8,0,0,0,0,0,0,0,1,0,1,0
3278,0,0,0,0,0,8,0,0,0,0,1,0,0,0,0,0,1
3279,0,0,0,0,0,8,0,0,0,0,0,1,0,0,0,1,0
3288,0,0,0,0,0,8,0,0,0,0,0,0,1,0,0,0,1
3289,0,0,0,0,0,8,0,0,0,0,0,0,2,0,0,0,2
3299,0,0,0,0,0,8,0,0,0,0,1,0,0,0,1,0,2
3300,0,0,0,0,0,8,0,0,1,0,0,0,0,0,0,0,1
3301,0,0,0,0,0,8,0,0,0,0,1,0,0,0,0,0,1
3310,0,0,0,0,0,8,0,0,0,1,1,0,0,0,0,1,1
3313,0,0,0,0,0,8,0,1,0,0,1,0,0,0,0,1,1
3320,0,0,0,0,0,8,0,0,0,0,0,0,0,2,0,2,0
3335,0,0,0,0,0,8,0,0,0,0,1,0,0,0,0,0,1
3336,0,0,0,0,0,8,0,0,0,0,0,0,1,0,0,0,1
3338,0,0,0,0,0,8,0,0,0,0,0,0,1,1,0,1,1
3351,0,0,0,0,0,8,0,0,0,0,0,0,0,0,1,0,1
3357,0,0,0,0,0,8,0,0,0,0,0,0,0,1,0,1,0
3364,0,0,0,0,0,8,0,0,0,0,0,1,0,0,0,1,0
3365,0,0,0,0,0,8,0,1,0,0,1,0,0,0,0,1,1
3366,0,0,0,0,0,8,0,0,0,0,0,0,0,0,1,0,1
3373,0,0,0,0,0,8,0,0,0,0,0,0,1,0,0,0,1
3375,0,0,0,0,0,8,0,0,0,0,0,0,0,0,1,0,1
3379,0,0,0,0,0,8,0,0,0,0,1,0,0,0,0,0,1
3380,0,0,0,0,0,8,0,0,0,0,0,0,0,0,1,0,1
3384,0,0,0,0,0,8,0,0,0,0,0,1,0,0,0,1,0
3387,0,0,0,0,0,8,0,0,0,0,0,0,0,0,1,0,1
3399,0,0,0,0,0,8,0,1,0,0,0,0,0,0,0,1,0
3407,0,0,0,0,0,8,0,0,0,1,0,0,0,0,0,1,0
3416,0,0,0,0,0,8,0,0,1,0,0,0,0,0,0,0,1
3423,1,0,1,0,0,9,0,0,0,0,0,0,0,0,0,0,0
3426,0,0,0,0,0,9,0,0,0,0,0,1,1,0,0,1,1
3429,1,0,1,0,0,10,0,0,0,0,0,0,0,0,0,0,0
3430,0,0,0,0,0,10,0,0,0,0,1,0,0,0,0,0,1
3435,0,0,0,0,0,10,0,0,0,0,1,0,0,0,0,0,1
3436,0,0,0,0,0,10,0,0,0,0,0,0,0,1,0,1,0
3439,0,0,0,0,0,10,0,1,0,0,0,0,0,0,0,1,0
3441,0,0,0,0,0,10,0,0,0,0,0,1,0,0,0,1,0
3448,0,0,0,0,0,10,0,0,0,0,0,1,1,0,1,1,2
3449,0,0,0,0,0,10,0,0,0,1,0,0,1,0,0,1,1
3457,0,0,0,0,0,10,0,0,0,0,0,0,1,0,0,0,1
3460,0,0,0,0,0,10,0,0,0,0,0,0,1,0,0,0,1
3461,0,0,0,0,0,10,0,1,0,1,0,0,0,0,0,2,0
3463,0,0,0,0,0,10,0,0,0,0,0,1,0,0,0,1,0
3466,0,0,0,0,0,10,0,0,0,0,1,0,0,0,0,0,1
3468,0,0,0,0,0,10,0,0,1,0,0,0,0,0,0,0,1
3470,0,0,0,0,0,10,0,0,0,0,0,0,0,0,1,0,1
3476,0,0,0,0,0,10,0,0,0,0,0,1,0,0,0,1,0
3477,0,0,0,0,0,10,0,0,0,0,0,0,1,0,1,0,2
3481,0,0,0,0,0,10,0,0,0,0,0,1,0,0,1,1,1
3484,0,0,0,0,0,10,0,0,0,0,0,0,0,0,1,0,1
3494,0,0,0,0,0,10,0,0,0,0,0,0,1,0,0,0,1
3499,0,0,0,0,0,10,0,0,0,1,0,0,0,1,0,2,0
3503,0,0,0,0,0,10,0,0,1,0,0,0,1,0,0,0,2
3507,0,0,0,0,0,10,0,0,0,1,0,0,0,0,0,1,0
3509,0,0,0,0,0,10,0,0,0,0,0,1,0,0,0,1,0
3516,0,0,0,0,0,10,0,0,0,0,1,0,0,0,1,0,2
3517,0,0,0,0,0,10,0,0,0,0,0,0,0,0,1,0,1
3519,0,0,0,0,0,10,0,0,0,0,0,0,0,0,1,0,1
3521,0,0,0,0,0,10,0,0,0,0,1,0,0,0,1,0,2
3522,0,0,0,0,0,10,0,0,1,0,0,0,0,1,0,1,1
3524,0,0,0,0,0,10,0,0,0,0,0,0,1,0,0,0,1
3525,0,0,0,0,0,10,0,1,0,0,0,0,0,0,0,1,0
3529,0,0,0,0,0,10,0,0,0,1,0,0,0,0,0,1,0
3530,0,0,0,0,0,10,0,0,0,1,0,0,0,0,0,1,0
3531,0,0,0,0,0,10,0,0,0,0,0,0,1,0,0,0,1
3533,0,0,0,0,0,10,0,0,0,0,0,0,0,0,1,0,1
3536,0,0,0,0,0,10,0,0,0,0,0,0,1,0,0,0,1
3538,0,0,0,0,0,10,0,0,0,0,1,0,0,0,0,0,1
3540,0,0,0,0,0,10,0,0,0,0,0,0,0,0,1,0,1
3542,0,0,0,0,0,10,0,0,0,0,0,0,0,0,1,0,1
3547,0,0,0,0,0,10,0,0,0,0,0,0,0,0,1,0,1
3553,0,0,0,0,0,10,0,0,0,0,1,0,0,0,0,0,1
3554,1,0,1,0,0,11,0,0,0,0,0,0,0,0,0,0,0
3560,0,0,0,0,0,11,0,0,0,0,0,0,1,0,0,0,1
3571,0,0,0,0,0,11,0,0,0,0,0,1,0,0,0,1,0
3572,0,0,0,0,0,11,0,0,1,0,0,0,0,1,0,1,1
3575,0,0,0,0,0,11,0,0,0,0,0,0,1,0,0,0,1
3577,0,0,0,0,0,11,0,0,0,0,0,0,0,0,1,0,1
3580,0,0,0,0,0,11,0,0,0,0,0,0,0,0,1,0,1
3583,0,0,0,0,0,11,0,0,0,0,1,0,0,0,0,0,1
3584,0,0,0,0,0,11,0,1,0,0,0,0,1,0,0,1,1
3585,0,0,0,0,0,11,0,0,0,0,0,0,0,1,0,1,0
3586,0,0,0,0,0,11,0,0,1,0,0,0,1,0,0,0,2
3588,0,0,0,0,0,11,0,0,0,0,0,1,0,0,0,1,0
3593,1,0,1,0,0,12,0,0,0,0,0,0,0,0,1,0,1
3594,0,0,0,0,0,12,0,0,0,0,0,0,1,0,0,0,1
3597,0,0,0,0,0,12,0,0,0,0,1,0,0,0,0,0,1
3598,0,0,0,0,0,12,0,0,0,0,1,0,0,0,0,0,1
3602,0,0,0,0,0,12,0,0,0,0,1,0,0,0,0,0,1
3610,0,0,0,0,0,12,0,0,0,0,1,1,0,0,0,1,1
3611,0,0,0,0,0,12,0,0,0,0,0,0,0,1,0,1,0
3619,0,0,0,0,0,12,0,0,0,0,0,0,1,0,0,0,1
3625,0,0,0,0,0,12,0,0,0,0,0,0,0,1,0,1,0
3626,0,0,0,0,0,12,0,0,0,0,0,0,1,0,0,0,1
3628,0,0,0,0,0,12,0,0,0,0,0,0,0,0,1,0,1
3630,0,0,0,0,0,12,0,0,0,0,0,0,2,0,0,0,2
3631,0,0,0,0,0,12,0,0,0,0,0,0,0,0,1,0,1
3632,0,0,0,0,0,12,0,0,0,0,0,1,0,0,0,1,0
3633,0,0,0,0,0,12,0,0,0,0,1,0,0,0,0,0,1
3634,0,0,0,0,0,12,0,0,0,0,0,0,2,0,0,0,2
3635,0,0,0,0,0,12,0,0,0,0,0,0,1,0,0,0,1
3638,0,0,0,0,0,12,0,0,0,0,1,0,0,0,0,0,1
3645,0,0,0,0,0,12,0,0,0,0,0,0,1,0,0,0,1
3647,0,0,0,0,0,12,0,0,0,0,0,0,1,0,0,0,1
3648,0,0,0,0,0,12,0,0,1,0,0,1,0,0,0,1,1
3649,0,0,0,0,0,12,0,0,0,0,0,0,1,0,0,0,1
3650,0,0,0,0,0,12,0,0,0,0,0,0,0,1,0,1,0
3651,0,0,0,0,0,12,0,0,0,0,0,0,0,0,1,0,1
3658,0,0,0,0,0,12,0,0,0,0,0,0,0,1,0,1,0
3659,0,0,0,0,0,12,0,0,1,0,0,0,1,0,1,0,3
3665,0,0,0,0,0,12,0,0,0,0,0,0,1,0,0,0,1
3667,0,0,0,0,0,12,0,0,0,0,0,0,0,0,1,0,1
3668,0,0,0,0,0,12,0,0,0,0,0,0,0,0,1,0,1
3670,0,0,0,0,0,12,0,0,1,0,0,0,0,0,0,0,1
3672,0,0,0,0,0,12,0,0,0,0,0,0,1,0,0,0,1
3673,0,0,0,0,0,12,0,1,0,0,0,0,0,0,0,1,0
3675,0,0,0,0,0,12,0,0,0,0,0,0,1,0,0,0,1
3679,0,0,0,0,0,12,0,0,0,0,0,0,2,0,0,0,2
3680,0,0,0,0,0,12,0,0,0,0,0,0,1,0,0,0,1
3684,0,0,0,0,0,12,0,1,0,0,0,0,0,0,0,1,0
3687,0,0,0,0,0,12,0,0,0,0,0,1,0,0,0,1,0
3691,0,0,0,0,0,12,0,1,0,0,0,0,0,0,0,1,0
3693,0,0,0,0,0,12,0,0,0,0,0,0,1,0,0,0,1
3698,0,0,0,0,0,12,0,0,0,0,0,0,0,1,0,1,0
3700,0,0,0,0,0,12,0,0,0,1,0,0,0,0,0,1,0
3704,0,0,0,0,0,12,0,0,1,0,0,0,0,0,0,0,1
3705,0,0,0,0,0,12,0,0,0,0,0,0,1,0,0,0,1
3706,0,0,0,0,0,12,0,0,0,0,0,0,0,0,1,0,1
3709,0,0,0,0,0,12,0,0,0,0,1,0,1,0,1,0,3
3713,0,0,0,0,0,12,0,0,0,0,0,0,1,0,0,0,1
3715,0,0,0,0,0,12,0,0,0,0,1,0,0,0,0,0,1
3718,0,0,0,0,0,12,0,0,1,0,0,0,0,0,0,0,1
3726,0,0,0,0,0,12,0,0,0,0,0,1,0,0,0,1,0
3732,0,0,0,0,0,12,0,0,0,0,0,0,0,0,1,0,1
3733,0,0,0,0,0,12,0,1,0,1,0,0,0,0,0,2,0
3734,0,0,0,0,0,12,0,1,0,0,0,0,0,0,0,1,0
3735,0,0,0,0,0,12,0,0,0,0,0,0,1,0,0,0,1
3738,0,0,0,0,0,12,0,0,1,0,0,1,0,0,0,1,1
3742,0,0,0,0,0,12,0,0,1,0,1,0,0,0,0,0,2
3748,0,0,0,0,0,12,0,0,1,0,0,0,0,0,0,0,1
3750,0,0,0,0,0,12,0,0,0,0,0,0,1,0,0,0,1
3755,0,0,0,0,0,12,0,0,1,2,0,0,0,0,0,2,1
3757,0,0,0,0,0,12,0,0,0,0,0,0,1,0,0,0,1
3759,0,0,0,0,0,12,0,0,0,0,0,0,1,0,0,0,1
3761,0,0,0,0,0,12,0,0,0,0,0,0,1,0,0,0,1
3764,0,0,0,0,0,12,0,0,0,0,0,0,0,0,1,0,1
3766,0,0,0,0,0,12,0,0,0,0,1,0,0,0,0,0,1
3767,0,0,0,0,0,12,0,0,0,0,0,0,0,1,0,1,0
3768,0,0,0,0,0,12,0,0,0,0,0,1,0,0,0,1,0
3771,0,0,0,0,0,12,0,1,0,0,0,0,0,0,0,1,0
3776,0,0,0,0,0,12,0,0,0,0,1,0,0,0,0,0,1
3777,0,0,0,0,0,12,0,0,0,0,0,0,1,0,0,0,1
3778,0,0,0,0,0,12,0,0,0,0,1,0,0,0,0,0,1
3782,0,0,0,0,0,12,0,0,0,0,0,1,0,0,0,1,0
3785,0,0,0,0,0,12,0,0,0,0,0,0,0,0,1,0,1
3786,0,0,0,0,0,12,0,0,0,0,0,0,1,0,0,0,1
3787,0,0,0,0,0,12,0,0,0,0,0,0,1,0,0,0,1
3793,0,0,0,0,0,12,0,0,0,0,0,0,2,0,0,0,2
3794,0,0,0,0,0,12,0,0,0,1,0,0,0,0,0,1,0
3802,0,0,0,0,0,12,0,0,0,1,0,0,2,0,0,1,2
3803,0,0,0,0,0,12,0,0,0,0,0,0,1,0,0,0,1
3804,0,0,0,0,0,12,0,0,1,0,0,0,0,1,0,1,1
3806,0,0,0,0,0,12,0,1,0,1,0,1,0,0,1,3,1
3807,0,0,0,0,0,12,0,1,0,0,0,0,0,0,0,1,0
3809,0,0,0,0,0,12,0,0,0,0,0,0,0,0,1,0,1
3810,0,0,0,0,0,12,0,0,0,0,0,1,0,0,0,1,0
3811,0,0,0,0,0,12,0,0,1,0,1,0,0,0,0,0,2
3813,0,0,0,0,0,12,0,0,0,0,0,0,0,1,0,1,0
3814,0,0,0,0,0,12,0,0,0,0,0,0,2,0,0,0,2
3816,0,0,0,0,0,12,0,0,0,0,1,0,0,0,0,0,1
3820,0,0,0,0,0,12,0,0,1,0,0,0,0,0,0,0,1
3823,0,0,0,0,0,12,0,0,0,0,1,0,1,0,0,0,2
3830,0,0,0,0,0,12,0,0,0,0,1,0,0,0,1,0,2
3831,0,0,0,0,0,12,0,1,0,0,1,0,0,0,0,1,1
3839,0,0,0,0,0,12,0,0,1,0,0,0,0,0,0,0,1
3846,0,0,0,0,0,12,0,0,1,0,0,0,0,1,0,1,1
3848,0,0,0,0,0,12,0,0,0,0,0,0,2,0,0,0,2
3849,0,0,0,0,0,12,0,0,0,0,1,0,0,0,0,0,1
3850,0,0,0,0,0,12,0,0,0,0,0,0,1,0,0,0,1
3854,0,0,0,0,0,12,0,0,0,0,0,0,0,0,1,0,1
3856,0,0,0,0,0,12,0,0,0,0,1,0,0,0,0,0,1
3857,0,0,0,0,0,12,0,0,0,0,1,0,0,0,0,0,1
3858,0,0,0,0,0,12,0,0,0,0,1,0,0,0,0,0,1
3859,0,0,0,0,0,12,0,0,0,0,1,0,0,0,0,0,1
3864,0,0,0,0,0,12,0,0,0,0,0,0,0,0,1,0,1
3868,0,0,0,0,0,12,0,0,0,0,0,0,1,0,1,0,2
3871,0,0,0,0,0,12,0,0,1,0,0,0,0,0,0,0,1
3872,0,0,0,0,0,12,0,0,0,0,0,0,0,0,1,0,1
3873,0,0,0,0,0,12,0,0,0,0,0,0,1,0,0,0,1
3876,0,0,0,0,0,12,0,0,1,0,0,0,0,0,0,0,1
3877,0,0,0,0,0,12,0,0,0,0,2,0,0,0,0,0,2
3878,0,0,0,0,0,12,0,0,0,0,1,0,0,0,0,0,1
3880,0,0,0,0,0,12,0,0,1,0,0,0,0,0,0,0,1
3890,0,0,0,0,0,12,0,0,0,1,0,0,0,0,0,1,0
3893,0,0,0,0,0,12,0,0,0,0,2,0,0,0,0,0,2
3894,0,0,0,0,0,12,0,0,0,0,0,0,1,0,0,0,1
3895,0,0,0,0,0,12,0,0,0,0,0,0,2,0,0,0,2
3896,0,0,0,0,0,12,0,0,0,0,0,0,1,0,0,0,1
3897,0,0,0,0,0,12,0,0,0,1,2,0,0,0,0,1,2
3898,0,0,0,0,0,12,0,0,0,1,0,0,0,0,0,1,0
3899,0,0,0,0,0,12,0,0,0,0,0,0,1,0,0,0,1
3907,0,0,0,0,0,12,0,0,0,1,0,1,1,0,0,2,1
3909,0,0,0,0,0,12,0,0,0,0,1,0,0,0,0,0,1
3915,0,0,0,0,0,12,0,0,0,0,1,1,0,0,0,1,1
3917,0,0,0,0,0,12,0,0,0,0,0,0,1,0,0,0,1
3918,0,0,0,0,0,12,0,0,0,0,0,0,0,0,1,0,1
3919,0,0,0,0,0,12,0,0,1,0,1,0,1,0,0,0,3
3923,0,0,0,0,0,12,0,0,1,0,0,0,0,0,0,0,1
3929,0,0,0,0,0,12,0,0,0,0,0,0,0,1,0,1,0
3930,0,0,0,0,0,12,0,0,0,0,1,0,0,0,0,0,1
3931,0,0,0,0,0,12,0,0,0,0,0,1,0,0,0,1,0
3933,0,0,0,0,0,12,0,0,0,0,0,0,1,0,0,0,1
3934,0,0,0,0,0,12,0,0,1,0,0,0,0,0,0,0,1
3938,0,0,0,0,0,12,0,0,1,0,0,0,0,0,0,0,1
3939,0,0,0,0,0,12,0,0,0,0,0,0,1,0,0,0,1
3940,0,0,0,0,0,12,0,0,0,0,0,0,1,0,0,0,1
3942,0,0,0,0,0,12,0,0,0,0,1,0,0,0,0,0,1
3943,0,0,0,0,0,12,0,0,0,0,1,0,0,0,0,0,1
3944,0,0,0,0,0,12,0,0,0,0,1,0,1,0,0,0,2
3948,0,0,0,0,0,12,0,0,0,1,2,0,0,0,0,1,2
3952,0,0,0,0,0,12,0,0,0,0,1,0,0,0,0,0,1
3953,0,0,0,0,0,12,0,0,0,0,0,0,1,0,0,0,1
3954,0,0,0,0,0,12,0,0,0,0,1,0,0,0,0,0,1
3955,0,0,0,0,0,12,0,0,0,0,0,1,0,0,0,1,0
3957,0,0,0,0,0,12,0,0,0,0,1,0,0,0,0,0,1
3959,0,0,0,0,0,12,0,0,0,0,0,1,0,0,0,1,0
3960,0,0,0,0,0,12,0,1,0,0,0,0,0,0,0,1,0
3965,0,0,0,0,0,12,0,0,0,0,0,0,1,0,0,0,1
3966,0,0,0,0,0,12,0,0,0,0,1,0,0,0,0,0,1
3968,0,0,0,0,0,12,0,0,0,1,0,0,0,0,0,1,0
3969,0,0,0,0,0,12,0,0,0,0,1,0,0,0,0,0,1
3972,0,0,0,0,0,12,0,1,0,0,0,0,1,0,0,1,1
3973,0,0,0,0,0,12,0,0,0,0,0,0,0,0,1,0,1
3974,0,0,0,0,0,12,0,0,0,0,1,0,0,0,0,0,1
3975,0,0,0,0,0,12,0,0,1,0,0,0,0,0,0,0,1
3976,0,0,0,0,0,12,0,0,0,0,1,0,0,0,0,0,1
3978,0,0,0,0,0,12,0,0,0,0,1,0,0,0,0,0,1
3981,0,0,0,0,0,12,0,1,0,0,0,0,1,0,0,1,1
3983,0,0,0,0,0,12,0,0,0,0,0,0,1,0,0,0,1
3985,0,0,0,0,0,12,0,0,0,0,0,0,1,0,0,0,1
3993,0,0,0,0,0,12,0,0,0,0,1,0,0,0,1,0,2
3994,0,0,0,0,0,12,0,0,0,0,0,0,1,0,0,0,1
3995,0,0,0,0,0,12,0,0,1,0,1,0,0,0,0,0,2
3996,0,0,0,0,0,12,0,0,0,0,0,1,0,0,0,1,0
3999,0,0,0,0,0,12,0,0,0,0,1,0,0,0,0,0,1
4001,0,0,0,0,0,12,0,0,0,0,0,0,1,0,0,0,1
4002,0,0,0,0,0,12,0,0,0,1,0,0,0,0,0,1,0
4003,0,0,0,0,0,12,0,0,0,0,0,0,1,0,1,0,2
4005,0,0,0,0,0,12,0,0,0,1,0,0,0,0,0,1,0
4014,0,0,0,0,0,12,0,1,0,0,0,0,0,0,0,1,0
4016,0,0,0,0,0,12,0,0,1,0,0,0,0,0,0,0,1
4019,0,0,0,0,0,12,0,0,0,0,0,1,0,0,0,1,0
4020,0,0,0,0,0,12,0,0,0,0,0,1,0,0,0,1,0
4024,0,0,0,0,0,12,0,0,0,0,2,0,0,0,0,0,2
4025,0,0,0,0,0,12,0,0,0,0,0,0,0,0,1,0,1
4026,0,0,0,0,0,12,0,0,0,0,1,0,0,0,1,0,2
4028,0,0,0,0,0,12,0,1,0,0,1,0,0,0,0,1,1
4031,0,0,0,0,0,12,0,1,0,0,0,0,0,0,0,1,0
4032,0,0,0,0,0,12,0,0,0,0,1,0,1,0,0,0,2
4033,0,0,0,0,0,12,0,0,0,0,1,0,0,0,0,0,1
4039,0,0,0,0,0,12,0,0,0,0,1,0,0,0,0,0,1
4042,0,0,0,0,0,12,0,0,0,0,1,0,0,0,0,0,1
4043,0,0,0,0,0,12,0,0,0,0,1,0,0,0,0,0,1
4046,0,0,0,0,0,12,0,0,0,0,1,0,0,0,0,0,1
4049,0,0,0,0,0,12,0,0,0,0,0,1,0,0,0,1,0
4053,0,0,0,0,0,12,0,0,0,0,0,0,1,0,0,0,1
4054,0,0,0,0,0,12,0,0,0,0,0,0,1,0,0,0,1
4055,0,0,0,0,0,12,0,0,0,0,1,0,0,0,0,0,1
4057,0,0,0,0,0,12,0,0,0,0,0,0,1,0,0,0,1
4059,0,0,0,0,0,12,0,0,0,0,0,1,0,0,0,1,0
4061,0,0,0,0,0,12,0,0,0,1,0,0,0,0,0,1,0
4062,0,0,0,0,0,12,0,0,0,0,1,0,0,0,0,0,1
4063,0,0,0,0,0,12,0,0,1,0,0,0,0,0,0,0,1
4064,0,0,0,0,0,12,0,0,0,0,0,0,0,1,0,1,0
4066,0,0,0,0,0,12,0,1,0,0,0,0,0,0,0,1,0
4069,0,0,0,0,0,12,0,0,0,0,0,0,1,0,0,0,1
4070,0,0,0,0,0,12,0,0,0,0,0,1,1,0,0,1,1
4071,0,0,0,0,0,12,0,0,0,0,0,0,1,0,0,0,1
4078,0,0,0,0,0,12,0,0,0,0,0,0,1,0,0,0,1
4081,0,0,0,0,0,12,0,0,0,0,0,0,1,0,0,0,1
4082,0,0,0,0,0,12,0,0,0,0,0,0,1,0,1,0,2
4084,0,0,0,0,0,12,0,0,0,0,0,0,1,0,1,0,2
4085,0,0,0,0,0,12,0,0,0,1,0,0,0,0,0,1,0
4086,0,0,0,0,0,12,0,0,1,0,0,0,0,1,0,1,1
4087,0,0,0,0,0,12,0,0,0,0,1,0,0,0,0,0,1
4094,0,0,0,0,0,12,0,0,0,0,0,0,1,0,0,0,1
4103,0,0,0,0,0,12,0,0,1,0,0,0,1,0,0,0,2
4106,0,0,0,0,0,12,0,0,1,0,0,0,0,0,0,0,1
4107,0,0,0,0,0,12,0,0,0,0,0,0,1,0,0,0,1
4110,0,0,0,0,0,12,0,0,1,0,0,0,0,0,0,0,1
4111,0,0,0,0,0,12,0,0,0,0,1,0,0,0,0,0,1
4114,0,0,0,0,0,12,0,0,0,0,1,0,2,0,0,0,3
4115,0,0,0,0,0,12,0,0,1,0,0,0,0,0,0,0,1
4118,0,0,0,0,0,12,0,0,0,0,0,1,0,0,0,1,0
4120,0,0,0,0,0,12,0,0,0,0,1,0,0,0,0,0,1
4126,0,0,0,0,0,12,0,0,0,0,0,0,1,0,0,0,1
4128,1,0,1,0,0,13,0,0,0,0,0,0,0,0,0,0,0
4130,0,0,0,0,0,13,0,0,0,0,0,0,1,0,0,0,1
4131,0,0,0,0,0,13,0,0,0,0,0,0,0,1,0,1,0
4133,0,0,0,0,0,13,0,0,0,0,0,0,1,0,0,0,1
4137,0,0,0,0,0,13,0,1,0,0,0,0,0,0,0,1,0
4146,0,0,0,0,0,13,0,0,0,0,2,0,0,0,0,0,2
4148,0,0,0,0,0,13,0,0,0,0,0,0,0,0,1,0,1
4150,0,0,0,0,0,13,0,0,0,0,0,0,0,0,1,0,1
4153,0,0,0,0,0,13,0,0,0,0,0,1,0,0,0,1,0
4160,0,0,0,0,0,13,0,0,0,0,1,0,0,0,1,0,2
4166,0,0,0,0,0,13,0,0,1,0,0,0,0,0,0,0,1
4171,0,0,0,0,0,13,0,0,0,0,0,0,2,0,0,0,2
4176,0,0,0,0,0,13,0,0,0,0,0,1,0,0,0,1,0
4187,0,0,0,0,0,13,0,0,0,0,0,0,1,0,0,0,1
4188,0,0,0,0,0,13,0,0,0,0,1,0,0,0,0,0,1
4191,0,0,0,0,0,13,0,0,0,0,0,1,0,0,0,1,0
4194,0,0,0,0,0,13,0,0,0,0,0,1,0,0,0,1,0
4196,0,0,0,0,0,13,0,0,0,0,0,0,1,0,0,0,1
4198,0,0,0,0,0,13,0,0,0,0,1,0,0,0,0,0,1
4201,0,0,0,0,0,13,0,0,0,0,0,1,1,0,0,1,1
4202,0,0,0,0,0,13,0,0,1,0,0,0,0,0,0,0,1
4206,0,0,0,0,0,13,0,0,0,0,0,0,1,0,0,0,1
4207,0,0,0,0,0,13,0,0,0,0,0,1,0,0,0,1,0
4208,0,0,0,0,0,13,0,0,0,0,0,0,1,0,0,0,1
4209,0,0,0,0,0,13,0,0,0,1,0,0,0,0,0,1,0
4215,0,0,0,0,0,13,0,1,0,0,0,0,0,0,1,1,1
4217,0,0,0,0,0,13,0,0,1,0,1,0,0,0,0,0,2
4222,0,0,0,0,0,13,0,0,0,0,0,0,1,0,0,0,1
4228,0,0,0,0,0,13,0,0,0,0,1,0,0,0,0,0,1
4236,0,0,0,0,0,13,0,0,1,1,0,0,0,0,0,1,1
4244,0,0,0,0,0,13,0,0,0,0,0,0,1,1,0,1,1
4245,0,0,0,0,0,13,0,0,0,1,0,0,0,0,0,1,0
4248,0,0,0,0,0,13,0,0,0,0,0,1,0,0,0,1,0
4251,0,0,0,0,0,13,0,0,0,0,1,0,0,0,0,0,1
4255,0,0,0,0,0,13,0,0,0,0,0,0,0,0,1,0,1
4266,0,0,0,0,0,13,0,0,0,0,0,0,1,0,0,0,1
4267,0,0,0,0,0,13,0,1,0,0,0,0,0,0,0,1,0
4268,0,0,0,0,0,13,0,0,1,0,0,0,2,0,0,0,3
4269,0,0,0,0,0,13,0,0,0,0,0,1,1,0,0,1,1
4277,0,0,0,0,0,13,0,0,0,0,0,0,1,0,0,0,1
4278,0,0,0,0,0,13,0,0,0,0,0,0,0,0,1,0,1
4281,0,0,0,0,0,13,0,0,0,0,0,0,1,0,0,0,1
4283,0,0,0,0,0,13,0,0,0,1,0,0,0,0,0,1,0
4285,0,0,0,0,0,13,0,1,0,0,0,0,0,0,0,1,0
4286,0,0,0,0,0,13,0,0,0,0,0,1,0,0,0,1,0
4289,0,0,0,0,0,13,0,0,0,0,0,0,0,1,0,1,0
4292,0,0,0,0,0,13,0,0,1,0,0,0,0,0,0,0,1
4294,0,0,0,0,0,13,0,0,0,0,1,0,0,1,0,1,1
4296,0,0,0,0,0,13,0,0,0,0,0,0,0,1,0,1,0
4299,0,0,0,0,0,13,0,0,0,0,0,0,1,0,1,0,2
4303,0,0,0,0,0,13,0,0,0,0,0,0,2,0,0,0,2
4306,0,0,0,0,0,13,0,0,1,0,0,0,0,0,0,0,1
4307,0,0,0,0,0,13,0,0,0,0,0,0,1,0,0,0,1
4313,0,0,0,0,0,13,0,0,0,0,1,0,0,0,0,0,1
4314,0,0,0,0,0,13,0,0,0,0,0,0,1,0,0,0,1
4318,0,0,0,0,0,13,0,1,0,0,0,0,0,0,0,1,0
4323,0,0,0,0,0,13,0,0,0,0,0,1,0,0,0,1,0
4326,0,0,0,0,0,13,0,0,1,0,0,0,0,0,0,0,1
4330,0,0,0,0,0,13,0,0,0,0,1,0,0,0,0,0,1
4332,0,0,0,0,0,13,0,0,0,1,0,0,0,0,0,1,0
4341,0,0,0,0,0,13,0,0,0,0,0,0,1,0,0,0,1
4346,0,0,0,0,0,13,0,0,0,0,1,0,0,0,0,0,1
4347,0,0,0,0,0,13,0,0,1,0,0,0,0,0,0,0,1
4351,0,0,0,0,0,13,0,1,0,0,0,0,0,0,0,1,0
4354,0,0,0,0,0,13,0,0,0,0,0,0,1,0,0,0,1
4355,0,0,0,0,0,13,0,0,0,0,0,0,0,0,1,0,1
4356,0,0,0,0,0,13,0,0,0,0,1,0,0,0,0,0,1
4361,0,0,0,0,0,13,0,0,1,0,0,0,0,0,0,0,1
4364,0,0,0,0,0,13,0,0,0,1,0,0,0,0,0,1,0
4367,0,0,0,0,0,13,0,0,0,0,0,0,1,0,0,0,1
4371,0,0,0,0,0,13,0,0,0,0,0,0,0,0,1,0,1
4372,0,0,0,0,0,13,0,0,0,0,0,0,0,0,1,0,1
4375,0,0,0,0,0,13,0,0,0,0,0,0,0,0,1,0,1
4387,0,0,0,0,0,13,0,0,0,0,0,1,0,0,0,1,0
4388,0,0,0,0,0,13,0,0,0,0,0,0,0,0,1,0,1
4393,0,0,0,0,0,13,0,0,0,0,0,0,1,0,0,0,1
4397,0,0,0,0,0,13,0,0,0,0,1,0,0,0,0,0,1
4398,0,0,0,0,0,13,0,0,0,0,0,0,1,0,0,0,1
4400,1,0,1,0,0,14,0,0,0,0,0,1,1,0,0,1,1
4401,0,0,0,0,0,14,0,0,1,0,0,0,0,0,0,0,1
4405,0,0,0,0,0,14,0,0,0,0,0,0,0,0,1,0,1
4407,0,0,0,0,0,14,0,0,0,0,0,0,1,0,0,0,1
4410,0,0,0,0,0,14,0,0,0,0,0,0,0,1,0,1,0
4413,0,0,0,0,0,14,0,0,1,0,0,0,0,0,0,0,1
4414,0,0,0,0,0,14,0,0,0,1,0,3,1,0,0,4,1
4420,0,0,0,0,0,14,0,0,0,0,0,1,0,0,0,1,0
4421,0,0,0,0,0,14,0,0,0,0,0,0,1,0,0,0,1
4422,0,0,0,0,0,14,0,0,0,0,1,0,0,0,0,0,1
4425,0,0,0,0,0,14,0,0,1,1,0,0,0,1,0,2,1
4426,0,0,0,0,0,14,0,0,0,0,0,0,0,0,1,0,1
4434,0,0,0,0,0,14,0,0,0,0,0,0,1,0,0,0,1
4439,0,0,0,0,0,14,0,0,0,0,1,0,0,0,1,0,2
4444,0,0,0,0,0,14,0,0,1,0,0,0,2,0,0,0,3
4449,0,0,0,0,0,14,0,0,0,0,0,0,0,1,0,1,0
4452,0,0,0,0,0,14,0,1,0,0,0,0,0,0,0,1,0
4453,0,0,0,0,0,14,0,0,0,0,0,0,0,0,1,0,1
4460,0,0,0,0,0,14,0,0,0,0,0,1,0,0,0,1,0
4462,0,0,0,0,0,14,0,1,0,1,0,0,0,0,0,2,0
4464,1,0,1,0,0,15,0,0,0,0,0,0,0,0,1,0,1
4465,0,0,0,0,0,15,0,0,1,0,0,0,0,0,0,0,1
4466,0,0,0,0,0,15,0,0,1,0,0,0,1,0,0,0,2
4468,0,0,0,0,0,15,0,0,1,0,0,0,0,0,0,0,1
4471,0,0,0,0,0,15,0,0,0,0,1,0,0,0,0,0,1
4479,0,0,0,0,0,15,0,0,0,0,1,0,0,0,0,0,1
4480,0,0,0,0,0,15,0,0,0,0,0,0,1,0,0,0,1
4481,0,0,0,0,0,15,0,1,0,0,0,0,0,0,0,1,0
4484,0,0,0,0,0,15,0,1,0,0,0,0,0,0,0,1,0
4489,1,0,1,0,0,16,0,0,0,0,0,1,0,0,0,1,0
4490,0,0,0,0,0,16,0,0,0,1,0,0,0,0,0,1,0
4491,0,0,0,0,0,16,0,0,0,0,0,0,3,0,0,0,3
4492,0,0,0,0,0,16,0,0,0,0,1,0,1,0,0,0,2
4493,0,0,0,0,0,16,0,0,1,0,0,0,0,0,1,0,2
4495,0,0,0,0,0,16,0,0,1,0,0,0,0,0,0,0,1
4496,0,0,0,0,0,16,0,0,0,0,0,0,1,0,0,0,1
4497,0,0,0,0,0,16,0,0,0,0,0,0,0,0,1,0,1
4499,0,0,0,0,0,16,0,0,0,0,0,0,0,0,1,0,1
4505,0,0,0,0,0,16,0,0,0,0,0,0,1,0,0,0,1
4507,0,0,0,0,0,16,0,0,0,0,1,0,0,0,0,0,1
4508,0,0,0,0,0,16,0,0,0,1,0,0,0,0,0,1,0
4513,0,0,0,0,0,16,0,0,0,1,0,0,0,0,0,1,0
4515,0,0,0,0,0,16,0,0,0,1,0,0,0,0,0,1,0
4520,0,0,0,0,0,16,0,0,0,0,0,0,0,0,1,0,1
4521,0,0,0,0,0,16,0,0,1,0,0,0,0,0,0,0,1
4524,0,0,0,0,0,16,0,0,1,0,0,0,0,0,0,0,1
4525,0,0,0,0,0,16,0,0,0,0,0,0,0,0,1,0,1
4527,0,0,0,0,0,16,0,0,0,0,0,0,0,0,1,0,1
4528,0,0,0,0,0,16,0,1,1,0,0,0,0,0,0,1,1
4531,0,0,0,0,0,16,0,0,0,0,0,1,0,0,1,1,1
4534,0,0,0,0,0,16,0,0,0,0,0,0,0,1,0,1,0
4535,0,0,0,0,0,16,0,0,1,0,0,0,0,0,0,0,1
4536,0,0,0,0,0,16,0,0,0,0,1,0,0,0,0,0,1
4539,0,0,0,0,0,16,0,0,1,0,0,0,0,0,0,0,1
4540,0,0,0,0,0,16,0,0,0,0,0,0,1,0,0,0,1
4541,0,0,0,0,0,16,0,0,0,0,0,0,1,0,0,0,1
4545,0,0,0,0,0,16,0,0,1,0,0,0,0,0,0,0,1
4549,0,0,0,0,0,16,0,0,0,0,0,0,1,0,1,0,2
4550,0,0,0,0,0,16,0,0,0,0,0,0,2,0,0,0,2
4551,0,0,0,0,0,16,0,0,0,0,0,1,0,0,0,1,0
4552,0,0,0,0,0,16,0,0,1,0,0,0,0,0,0,0,1
4554,0,0,0,0,0,16,0,1,0,0,0,0,0,0,0,1,0
4555,0,0,0,0,0,16,0,0,1,0,0,0,0,0,0,0,1
4559,0,0,0,0,0,16,0,0,0,0,0,1,0,0,0,1,0
4560,0,0,0,0,0,16,0,0,0,0,1,0,0,0,0,0,1
4561,0,0,0,0,0,16,0,0,0,1,0,0,0,0,0,1,0
4568,0,0,0,0,0,16,0,0,0,0,0,0,1,0,0,0,1
4570,0,0,0,0,0,16,0,0,0,0,0,0,0,0,1,0,1
4573,0,0,0,0,0,16,0,0,0,1,0,0,0,0,0,1,0
4577,0,0,0,0,0,16,0,0,0,0,0,0,0,1,0,1,0
4581,0,0,0,0,0,16,0,0,0,0,1,0,1,0,0,0,2
4586,0,0,0,0,0,16,0,0,2,0,0,0,0,0,0,0,2
4589,0,0,0,0,0,16,0,0,0,0,0,0,0,0,2,0,2
4591,0,0,0,0,0,16,0,0,0,0,1,0,0,2,0,2,1
4595,0,0,0,0,0,16,0,0,1,0,2,0,0,0,0,0,3
4597,0,0,0,0,0,16,0,0,0,0,1,0,0,0,0,0,1
4600,0,0,0,0,0,16,0,0,0,1,0,0,0,0,0,1,0
4605,0,0,0,0,0,16,0,0,1,0,0,0,0,0,0,0,1
4607,0,0,0,0,0,16,0,0,0,0,0,0,1,0,0,0,1
4608,0,0,0,0,0,16,0,0,0,0,1,0,0,0,0,0,1
4609,0,0,0,0,0,16,0,0,0,1,0,0,1,0,0,1,1
4610,0,0,0,0,0,16,0,0,0,0,1,0,0,0,0,0,1
4612,0,0,0,0,0,16,0,0,0,0,1,0,0,0,0,0,1
4615,0,0,0,0,0,16,0,0,0,0,0,0,1,0,0,0,1
4617,0,0,0,0,0,16,0,0,0,1,0,0,0,0,0,1,0
4620,0,0,0,0,0,16,0,0,0,0,1,0,0,0,0,0,1
4624,0,0,0,0,0,16,0,0,0,0,1,0,0,0,0,0,1
4627,0,0,0,0,0,16,0,0,0,0,0,0,0,0,1,0,1
4631,0,0,0,0,0,16,0,0,0,0,0,0,0,0,1,0,1
4632,0,0,0,0,0,16,0,1,0,0,0,0,0,0,0,1,0
4635,0,0,0,0,0,16,0,1,0,0,0,0,0,0,0,1,0
4637,0,0,0,0,0,16,0,1,0,0,0,0,0,0,0,1,0
4638,0,0,0,0,0,16,0,0,0,0,1,0,0,0,0,0,1
4639,0,0,0,0,0,16,0,0,0,0,0,0,1,0,1,0,2
4640,0,0,0,0,0,16,0,0,1,0,0,0,0,0,0,0,1
4641,0,0,0,0,0,16,0,0,0,0,0,0,1,0,0,0,1
4643,0,0,0,0,0,16,0,0,0,0,0,0,0,0,1,0,1
4644,0,0,0,0,0,16,0,0,1,0,0,0,0,0,0,0,1
4648,0,0,0,0,0,16,0,0,0,0,0,0,1,0,0,0,1
4649,0,0,0,0,0,16,0,0,0,0,0,0,0,2,0,2,0
4650,0,0,0,0,0,16,0,0,0,0,0,0,0,1,0,1,0
4657,0,0,0,0,0,16,0,0,0,0,1,0,0,0,0,0,1
4663,0,0,0,0,0,16,0,0,0,0,1,0,0,0,0,0,1
4665,0,0,0,0,0,16,0,0,1,0,0,1,0,0,0,1,1
4666,0,0,0,0,0,16,0,1,0,0,0,0,0,0,0,1,0
4668,0,0,0,0,0,16,0,0,0,0,1,0,0,0,0,0,1
4673,0,0,0,0,0,16,0,0,0,0,0,0,0,0,1,0,1
4674,0,0,0,0,0,16,0,0,0,1,0,0,0,0,0,1,0
4675,0,0,0,0,0,16,0,0,0,0,2,0,0,0,0,0,2
4676,0,0,0,0,0,16,0,0,0,0,0,1,0,0,0,1,0
4677,0,0,0,0,0,16,0,0,0,0,0,0,0,1,0,1,0
4678,0,0,0,0,0,16,0,0,0,0,1,0,0,0,0,0,1
4681,0,0,0,0,0,16,0,0,0,1,0,0,0,0,0,1,0
4682,0,0,0,0,0,16,0,0,0,0,0,0,0,0,1,0,1
4684,0,0,0,0,0,16,0,0,0,0,1,0,0,0,0,0,1
4687,0,0,0,0,0,16,0,0,0,0,0,0,0,0,1,0,1
4688,0,0,0,0,0,16,0,0,0,0,0,0,1,0,0,0,1
4690,0,0,0,0,0,16,0,0,0,0,0,1,0,0,0,1,0
4691,0,0,0,0,0,16,0,0,0,0,0,0,1,1,0,1,1
4695,0,0,0,0,0,16,0,0,0,0,1,0,0,0,0,0,1
4697,0,0,0,0,0,16,0,0,0,0,0,0,0,1,0,1,0
4702,0,0,0,0,0,16,0,0,0,0,0,1,0,0,0,1,0
4703,0,0,0,0,0,16,0,0,0,1,0,0,0,0,0,1,0
4707,0,0,0,0,0,16,0,1,0,0,0,0,0,0,0,1,0
4709,0,0,0,0,0,16,0,0,0,0,0,0,0,0,1,0,1
4716,0,0,0,0,0,16,0,0,0,0,0,0,0,0,1,0,1
4718,0,0,0,0,0,16,0,0,0,0,1,0,0,1,0,1,1
4719,0,0,0,0,0,16,0,0,0,1,0,0,0,0,0,1,0
4725,0,0,0,0,0,16,0,1,0,0,0,0,0,0,0,1,0
4726,0,0,0,0,0,16,0,0,0,0,0,0,0,1,0,1,0
4727,0,0,0,0,0,16,0,0,1,0,0,0,0,0,2,0,3
4729,0,0,0,0,0,16,0,0,0,0,0,0,0,1,0,1,0
4732,0,0,0,0,0,16,0,0,0,0,1,0,0,0,0,0,1
4734,0,0,0,0,0,16,0,0,0,0,2,0,0,0,0,0,2
4736,0,0,0,0,0,16,0,0,0,0,0,0,0,0,1,0,1
4737,0,0,0,0,0,16,0,0,0,0,0,0,1,0,0,0,1
4745,0,0,0,0,0,16,0,0,0,0,0,0,0,1,0,1,0
4746,0,0,0,0,0,16,0,0,0,0,0,0,0,1,0,1,0
4748,0,0,0,0,0,16,0,0,0,0,0,0,1,0,0,0,1
4754,0,0,0,0,0,16,0,0,0,0,1,0,0,0,0,0,1
4756,0,0,0,0,0,16,0,0,0,0,0,0,1,1,0,1,1
4757,0,0,0,0,0,16,0,0,0,0,0,0,0,0,1,0,1
4760,0,0,0,0,0,16,0,1,0,0,0,0,0,0,0,1,0
4761,0,0,0,0,0,16,0,0,0,0,1,0,0,0,0,0,1
4763,0,0,0,0,0,16,0,0,1,0,1,0,0,1,0,1,2
4764,0,0,0,0,0,16,0,0,0,1,0,0,2,0,0,1,2
4765,0,0,0,0,0,16,0,0,1,0,0,0,0,0,0,0,1
4767,0,0,0,0,0,16,0,0,0,0,0,0,1,0,0,0,1
4771,0,0,0,0,0,16,0,0,0,1,0,0,0,0,0,1,0
4774,0,0,0,0,0,16,0,0,0,0,0,0,0,0,1,0,1
4776,1,0,1,0,0,17,0,0,0,0,0,0,0,0,0,0,0
4782,0,0,0,0,0,17,0,0,1,0,0,0,0,0,0,0,1
4783,0,0,0,0,0,17,0,0,0,1,1,0,0,0,0,1,1
4786,0,0,0,0,0,17,0,0,0,1,0,0,0,0,1,1,1
4788,0,0,0,0,0,17,0,0,0,0,0,0,0,1,0,1,0
4789,0,0,0,0,0,17,0,0,0,0,0,1,0,0,0,1,0
4791,0,0,0,0,0,17,0,0,0,1,0,0,0,0,0,1,0
4794,0,0,0,0,0,17,0,0,0,0,1,0,0,0,1,0,2
4795,0,0,0,0,0,17,0,1,0,0,0,0,0,0,0,1,0
4796,0,0,0,0,0,17,0,0,0,1,0,0,0,0,0,1,0
4797,0,0,0,0,0,17,0,0,0,0,0,1,0,0,1,1,1
4799,0,0,0,0,0,17,0,0,0,0,0,0,0,0,1,0,1
4800,0,0,0,0,0,17,0,0,0,1,0,1,0,0,0,2,0
4803,0,0,0,0,0,17,0,0,0,0,0,0,0,0,2,0,2
4805,0,0,0,0,0,17,0,0,0,0,1,0,0,0,0,0,1
4807,0,0,0,0,0,17,0,0,1,1,0,0,0,0,0,1,1
4808,0,0,0,0,0,17,0,0,1,0,0,0,0,0,0,0,1
4809,0,0,0,0,0,17,0,0,0,0,0,0,0,0,1,0,1
4812,1,0,1,0,0,18,0,0,0,0,0,0,0,0,0,0,0
4814,0,0,0,0,0,18,0,1,0,0,0,0,0,0,0,1,0
4815,0,0,0,0,0,18,0,0,0,0,1,0,0,0,0,0,1
4818,0,0,0,0,0,18,0,0,1,0,0,0,0,0,0,0,1
4821,0,0,0,0,0,18,0,0,0,0,1,0,0,0,0,0,1
4822,0,0,0,0,0,18,0,0,0,0,0,0,1,0,0,0,1
4827,0,0,0,0,0,18,0,1,0,0,0,0,0,0,0,1,0
4828,0,0,0,0,0,18,0,0,0,0,0,0,0,0,1,0,1
4829,0,0,0,0,0,18,0,1,0,0,0,0,0,0,0,1,0
4830,0,0,0,0,0,18,0,1,0,0,0,0,0,0,0,1,0
4833,0,0,0,0,0,18,0,0,0,0,0,0,0,0,1,0,1
4837,0,0,0,0,0,18,0,0,0,0,1,0,0,0,0,0,1
4838,0,0,0,0,0,18,0,0,0,0,1,0,0,0,0,0,1
4844,0,0,0,0,0,18,0,0,1,0,0,0,0,0,0,0,1
4845,0,0,0,0,0,18,0,0,0,0,0,1,0,0,0,1,0
4847,0,0,0,0,0,18,0,0,0,0,1,0,0,0,0,0,1
4848,0,0,0,0,0,18,0,0,0,0,0,0,0,0,1,0,1
4850,0,0,0,0,0,18,0,0,0,0,0,0,0,0,1,0,1
4852,0,0,0,0,0,18,0,0,0,0,0,0,1,0,0,0,1
4853,0,0,0,0,0,18,0,0,0,1,0,1,1,0,0,2,1
4854,0,0,0,0,0,18,0,0,1,0,0,0,0,0,1,0,2
4855,0,0,0,0,0,18,0,0,0,1,0,0,0,0,0,1,0
4857,0,0,0,0,0,18,0,0,1,0,0,0,0,0,0,0,1
4859,0,0,0,0,0,18,0,0,0,0,0,0,0,1,0,1,0
4860,0,0,0,0,0,18,0,0,0,0,0,1,0,0,0,1,0
4861,0,0,0,0,0,18,0,0,0,0,0,0,1,0,0,0,1
4863,0,0,0,0,0,18,0,0,2,1,0,0,0,0,1,1,3
4867,0,0,0,0,0,18,0,0,0,0,0,0,0,0,1,0,1
4868,0,0,0,0,0,18,0,0,1,0,0,0,0,0,0,0,1
4870,0,0,0,0,0,18,0,0,0,0,0,1,0,0,0,1,0
4873,0,0,0,0,0,18,0,0,0,0,1,0,0,0,0,0,1
4875,0,0,0,0,0,18,0,0,0,0,0,0,0,0,1,0,1
4876,0,0,0,0,0,18,0,0,0,0,1,0,0,0,1,0,2
4879,0,0,0,0,0,18,0,0,0,0,0,1,0,0,0,1,0
4880,0,0,0,0,0,18,0,0,0,0,1,0,0,0,0,0,1
4881,0,0,0,0,0,18,0,0,0,0,1,0,0,0,0,0,1
4882,0,0,0,0,0,18,0,0,0,0,0,0,0,1,0,1,0
4885,0,0,0,0,0,18,0,0,0,0,1,0,2,0,0,0,3
4886,0,0,0,0,0,18,0,0,0,0,1,1,0,1,0,2,1
4893,0,0,0,0,0,18,0,0,0,0,1,0,0,0,1,0,2
4895,0,0,0,0,0,18,0,0,0,0,0,0,1,0,0,0,1
4898,0,0,0,0,0,18,0,0,0,0,0,0,1,0,0,0,1
4901,0,0,0,0,0,18,0,0,0,0,2,0,0,0,1,0,3
4905,0,0,0,0,0,18,0,0,0,0,1,0,0,1,0,1,1
4911,0,0,0,0,0,18,0,0,0,0,1,0,0,0,0,0,1
4913,0,0,0,0,0,18,0,0,0,0,0,1,0,0,0,1,0
4914,0,0,0,0,0,18,0,0,0,0,1,0,0,0,0,0,1
4915,0,0,0,0,0,18,0,1,0,0,0,0,0,0,0,1,0
4916,0,0,0,0,0,18,0,0,0,1,0,0,1,0,0,1,1
4918,0,0,0,0,0,18,0,0,0,0,0,0,1,0,0,0,1
4921,0,0,0,0,0,18,0,0,0,1,0,0,0,0,0,1,0
4922,0,0,0,0,0,18,0,0,0,0,0,0,0,0,1,0,1
4927,0,0,0,0,0,18,0,0,0,0,0,1,0,0,0,1,0
4928,0,0,0,0,0,18,0,0,1,0,0,0,0,1,0,1,1
4929,0,0,0,0,0,18,0,0,0,0,0,0,0,0,1,0,1
4931,0,0,0,0,0,18,0,0,0,1,0,0,0,0,0,1,0
4935,0,0,0,0,0,18,0,0,0,0,0,0,0,0,1,0,1
4937,0,0,0,0,0,18,0,0,0,0,0,1,0,1,0,2,0
4938,1,0,1,0,0,19,0,0,0,0,1,0,0,0,0,0,1
4943,0,0,0,0,0,19,0,0,1,0,0,0,0,0,0,0,1
