time_s,assembled,retained,fully_inside,released,pending,membrane_voxels,volume_voxels,membrane_removed_from_initial,membrane_added_to_initial,pore_voxels,contact_voxels,damage,integrity,breach,membrane_version
1236,0,0,0,0,0,9842,57515,0,0,0,0,0.0,1.0,0,0
1237,0,0,0,0,0,9842,57515,0,0,0,0,0.0,1.0,0,0
1238,1,1,1,0,0,9846,57532,13,17,0,15,0.1505,0.8495,0,1
1239,2,2,2,0,0,9846,57532,13,17,0,15,0.1515,0.8485,0,1
1240,2,2,2,0,0,9846,57532,13,17,0,15,0.1525,0.8475,0,1
1241,2,2,2,0,0,9846,57532,13,17,0,15,0.1535,0.8465,0,1
1242,2,2,2,0,0,9846,57532,13,17,0,15,0.1545,0.8455,0,1
1243,2,2,2,0,0,9846,57532,13,17,0,15,0.1555,0.8445,0,1
1244,2,2,2,0,0,9846,57532,13,17,0,15,0.1565,0.8435,0,1
1245,2,2,2,0,0,9846,57532,13,17,0,15,0.1575,0.8425,0,1
1246,2,2,2,0,0,9846,57532,13,17,0,15,0.1585,0.8415,0,1
1247,2,2,2,0,0,9846,57532,13,17,0,15,0.1595,0.8405,0,1
1248,2,2,2,0,0,9846,57532,13,17,0,15,0.1605,0.8395,0,1
1249,2,2,2,0,0,9846,57532,13,17,0,15,0.1615,0.8385,0,1
1250,2,2,2,0,0,9846,57532,13,17,0,15,0.1625,0.8375,0,1
1251,2,2,2,0,0,9846,57532,13,17,0,15,0.1635,0.8365,0,1
1252,2,2,2,0,0,9846,57532,13,17,0,15,0.1645,0.8355,0,1
1253,2,2,2,0,0,9846,57532,13,17,0,15,0.1655,0.8345,0,1
1254,2,2,2,0,0,9846,57532,13,17,0,15,0.1665,0.8335,0,1
1255,2,2,2,0,0,9846,57532,13,17,0,15,0.1675,0.8325,0,1
1256,2,2,2,0,0,9846,57532,13,17,0,15,0.1685,0.8315,0,1
1257,2,2,2,0,0,9846,57532,13,17,0,15,0.1695,0.8305,0,1
1258,2,2,2,0,0,9846,57532,13,17,0,15,0.1705,0.8295,0,1
1259,2,2,2,0,0,9846,57532,13,17,0,15,0.1715,0.8285,0,1
1260,2,2,2,0,0,9846,57532,13,17,0,15,0.17250000000000001,0.8275,0,1
1261,2,2,2,0,0,9846,57532,13,17,0,15,0.17350000000000002,0.8265,0,1
1262,2,2,2,0,0,9846,57532,13,17,0,15,0.17450000000000002,0.8255,0,1
1263,2,2,2,0,0,9846,57532,13,17,0,15,0.17550000000000002,0.8245,0,1
1264,2,2,2,0,0,9846,57532,13,17,0,15,0.17650000000000002,0.8235,0,1
1265,2,2,2,0,0,9846,57532,13,17,0,15,0.17750000000000002,0.8225,0,1
1266,2,2,2,0,0,9846,57532,13,17,0,15,0.17850000000000002,0.8215,0,1
1267,2,2,2,0,0,9846,57532,13,17,0,15,0.17950000000000002,0.8205,0,1
1268,2,2,2,0,0,9846,57532,13,17,0,15,0.18050000000000002,0.8195,0,1
1269,2,2,2,0,0,9846,57532,13,17,0,15,0.18150000000000002,0.8185,0,1
1270,2,2,2,0,0,9846,57532,13,17,0,15,0.18250000000000002,0.8175,0,1
1271,2,2,2,0,0,9846,57532,13,17,0,15,0.18350000000000002,0.8165,0,1
1272,2,2,2,0,0,9846,57532,13,17,0,15,0.18450000000000003,0.8155,0,1
1273,2,2,2,0,0,9846,57532,13,17,0,15,0.18550000000000003,0.8145,0,1
1274,2,2,2,0,0,9846,57532,13,17,0,15,0.18650000000000003,0.8135,0,1
1275,2,2,2,0,0,9846,57532,13,17,0,15,0.18750000000000003,0.8125,0,1
1276,2,2,2,0,0,9846,57532,13,17,0,15,0.18850000000000003,0.8115,0,1
1277,2,2,2,0,0,9846,57532,13,17,0,15,0.18950000000000003,0.8105,0,1
1278,2,2,2,0,0,9846,57532,13,17,0,15,0.19050000000000003,0.8095,0,1
1279,2,2,2,0,0,9846,57532,13,17,0,15,0.19150000000000003,0.8085,0,1
1280,2,2,2,0,0,9846,57532,13,17,0,15,0.19250000000000003,0.8075,0,1
1281,2,2,2,0,0,9846,57532,13,17,0,15,0.19350000000000003,0.8065,0,1
1282,2,2,2,0,0,9846,57532,13,17,0,15,0.19450000000000003,0.8055,0,1
1283,2,2,2,0,0,9846,57532,13,17,0,15,0.19550000000000003,0.8045,0,1
1284,2,2,2,0,0,9846,57532,13,17,0,15,0.19650000000000004,0.8035,0,1
1285,2,2,2,0,0,9846,57532,13,17,0,15,0.19750000000000004,0.8025,0,1
1286,2,2,2,0,0,9846,57532,13,17,0,15,0.19850000000000004,0.8015,0,1
1287,2,2,2,0,0,9846,57532,13,17,0,15,0.19950000000000004,0.8005,0,1
1288,2,2,2,0,0,9846,57532,13,17,0,15,0.20050000000000004,0.7995,0,1
1289,2,2,2,0,0,9846,57532,13,17,0,15,0.20150000000000004,0.7985,0,1
1290,2,2,2,0,0,9846,57532,13,17,0,15,0.20250000000000004,0.7975,0,1
1291,2,2,2,0,0,9846,57532,13,17,0,15,0.20350000000000004,0.7965,0,1
1292,2,2,2,0,0,9846,57532,13,17,0,15,0.20450000000000004,0.7955,0,1
1293,2,2,2,0,0,9846,57532,13,17,0,15,0.20550000000000004,0.7945,0,1
1294,3,3,3,0,0,9850,57549,26,34,0,30,0.35700000000000004,0.643,0,2
1295,3,3,3,0,0,9850,57549,26,34,0,30,0.35850000000000004,0.6415,0,2
1296,3,3,3,0,0,9850,57549,26,34,0,30,0.36000000000000004,0.6399999999999999,0,2
1297,3,3,3,0,0,9850,57549,26,34,0,30,0.36150000000000004,0.6385,0,2
1298,3,3,3,0,0,9850,57549,26,34,0,30,0.36300000000000004,0.637,0,2
1299,3,3,3,0,0,9850,57549,26,34,0,30,0.36450000000000005,0.6355,0,2
1300,3,3,3,0,0,9850,57549,26,34,0,30,0.36600000000000005,0.6339999999999999,0,2
1301,4,4,4,0,0,9500,57566,342,0,354,45,0.518,0.482,1,3
1302,4,2,2,2,0,9500,57566,342,0,354,45,0.519,0.481,1,3
1303,5,3,3,2,0,9386,57583,456,0,472,60,0.6705,0.3295,1,4
1304,6,4,4,2,0,9386,57583,456,0,472,60,0.6725,0.3275,1,4
1305,6,4,4,2,0,9386,57583,456,0,472,60,0.6745,0.3255,1,4
1306,6,4,4,2,0,9386,57583,456,0,472,60,0.6765,0.3235,1,4
1307,7,5,5,2,0,9299,57600,543,0,563,75,0.829,0.17100000000000004,1,5
1308,7,4,4,3,0,9299,57600,543,0,563,75,0.831,0.16900000000000004,1,5
1309,7,3,3,4,0,9299,57600,543,0,563,75,0.8324999999999999,0.1675000000000001,1,5
1310,7,3,3,4,0,9299,57600,543,0,563,75,0.8339999999999999,0.16600000000000015,1,5
1311,7,3,3,4,0,9299,57600,543,0,563,75,0.8354999999999998,0.1645000000000002,1,5
1312,8,2,2,6,0,9185,57617,657,0,681,90,0.9864999999999998,0.013500000000000179,1,6
1313,8,1,1,7,0,9185,57617,657,0,681,90,0.9869999999999998,0.013000000000000234,1,6
1314,8,1,1,7,0,9185,57617,657,0,681,90,0.9874999999999997,0.012500000000000289,1,6
1315,8,1,1,7,0,9185,57617,657,0,681,90,0.9879999999999997,0.012000000000000344,1,6
1316,8,1,1,7,0,9185,57617,657,0,681,90,0.9884999999999996,0.011500000000000399,1,6
1317,8,0,0,8,0,9185,57617,657,0,681,90,0.9884999999999996,0.011500000000000399,1,6
1318,8,0,0,8,0,9185,57617,657,0,681,90,0.9884999999999996,0.011500000000000399,1,6
1319,8,0,0,8,0,9185,57617,657,0,681,90,0.9884999999999996,0.011500000000000399,1,6
1320,9,1,1,8,0,9097,57624,745,0,769,102,1.1089999999999995,0.0,1,7
1321,9,1,1,8,0,9097,57624,745,0,769,102,1.1094999999999995,0.0,1,7
1322,10,2,2,8,0,8991,57631,851,0,875,114,1.2304999999999993,0.0,1,8
1323,11,3,3,8,0,8916,57641,926,0,950,130,1.3919999999999992,0.0,1,9
1324,11,2,2,9,0,8916,57641,926,0,950,130,1.3929999999999991,0.0,1,9
1325,11,1,1,10,0,8916,57641,926,0,950,130,1.393499999999999,0.0,1,9
1326,11,0,0,11,0,8916,57641,926,0,950,130,1.393499999999999,0.0,1,9
1327,11,0,0,11,0,8916,57641,926,0,950,130,1.393499999999999,0.0,1,9
1328,11,0,0,11,0,8916,57641,926,0,950,130,1.393499999999999,0.0,1,9
1329,11,0,0,11,0,8916,57641,926,0,950,130,1.393499999999999,0.0,1,9
1330,11,0,0,11,0,8916,57641,926,0,950,130,1.393499999999999,0.0,1,9
1331,11,0,0,11,0,8916,57641,926,0,950,130,1.393499999999999,0.0,1,9
1332,11,0,0,11,0,8916,57641,926,0,950,130,1.393499999999999,0.0,1,9
1333,11,0,0,11,0,8916,57641,926,0,950,130,1.393499999999999,0.0,1,9
1334,11,0,0,11,0,8916,57641,926,0,950,130,1.393499999999999,0.0,1,9
1335,11,0,0,11,0,8916,57641,926,0,950,130,1.393499999999999,0.0,1,9
1336,11,0,0,11,0,8916,57641,926,0,950,130,1.393499999999999,0.0,1,9
1337,11,0,0,11,0,8916,57641,926,0,950,130,1.393499999999999,0.0,1,9
1338,11,0,0,11,0,8916,57641,926,0,950,130,1.393499999999999,0.0,1,9
1339,11,0,0,11,0,8916,57641,926,0,950,130,1.393499999999999,0.0,1,9
1340,11,0,0,11,0,8916,57641,926,0,950,130,1.393499999999999,0.0,1,9
1341,11,0,0,11,0,8916,57641,926,0,950,130,1.393499999999999,0.0,1,9
1342,11,0,0,11,0,8916,57641,926,0,950,130,1.393499999999999,0.0,1,9
1343,11,0,0,11,0,8916,57641,926,0,950,130,1.393499999999999,0.0,1,9
1344,11,0,0,11,0,8916,57641,926,0,950,130,1.393499999999999,0.0,1,9
1345,11,0,0,11,0,8916,57641,926,0,950,130,1.393499999999999,0.0,1,9
1346,11,0,0,11,0,8916,57641,926,0,950,130,1.393499999999999,0.0,1,9
1347,11,0,0,11,0,8916,57641,926,0,950,130,1.393499999999999,0.0,1,9
1348,11,0,0,11,0,8916,57641,926,0,950,130,1.393499999999999,0.0,1,9
1349,11,0,0,11,0,8916,57641,926,0,950,130,1.393499999999999,0.0,1,9
1350,11,0,0,11,0,8916,57641,926,0,950,130,1.393499999999999,0.0,1,9
1351,11,0,0,11,0,8916,57641,926,0,950,130,1.393499999999999,0.0,1,9
1352,11,0,0,11,0,8916,57641,926,0,950,130,1.393499999999999,0.0,1,9
1353,11,0,0,11,0,8916,57641,926,0,950,130,1.393499999999999,0.0,1,9
1354,11,0,0,11,0,8916,57641,926,0,950,130,1.393499999999999,0.0,1,9
1355,11,0,0,11,0,8916,57641,926,0,950,130,1.393499999999999,0.0,1,9
1356,11,0,0,11,0,8916,57641,926,0,950,130,1.393499999999999,0.0,1,9
1357,11,0,0,11,0,8916,57641,926,0,950,130,1.393499999999999,0.0,1,9
1358,11,0,0,11,0,8916,57641,926,0,950,130,1.393499999999999,0.0,1,9
1359,11,0,0,11,0,8916,57641,926,0,950,130,1.393499999999999,0.0,1,9
1360,11,0,0,11,0,8916,57641,926,0,950,130,1.393499999999999,0.0,1,9
1361,11,0,0,11,0,8916,57641,926,0,950,130,1.393499999999999,0.0,1,9
1362,11,0,0,11,0,8916,57641,926,0,950,130,1.393499999999999,0.0,1,9
1363,11,0,0,11,0,8916,57641,926,0,950,130,1.393499999999999,0.0,1,9
1364,11,0,0,11,0,8916,57641,926,0,950,130,1.393499999999999,0.0,1,9
1365,11,0,0,11,0,8916,57641,926,0,950,130,1.393499999999999,0.0,1,9
1366,11,0,0,11,0,8916,57641,926,0,950,130,1.393499999999999,0.0,1,9
1367,11,0,0,11,0,8916,57641,926,0,950,130,1.393499999999999,0.0,1,9
1368,11,0,0,11,0,8916,57641,926,0,950,130,1.393499999999999,0.0,1,9
1369,11,0,0,11,0,8916,57641,926,0,950,130,1.393499999999999,0.0,1,9
1370,11,0,0,11,0,8916,57641,926,0,950,130,1.393499999999999,0.0,1,9
1371,11,0,0,11,0,8916,57641,926,0,950,130,1.393499999999999,0.0,1,9
1372,11,0,0,11,0,8916,57641,926,0,950,130,1.393499999999999,0.0,1,9
1373,11,0,0,11,0,8916,57641,926,0,950,130,1.393499999999999,0.0,1,9
1374,11,0,0,11,0,8916,57641,926,0,950,130,1.393499999999999,0.0,1,9
1375,11,0,0,11,0,8916,57641,926,0,950,130,1.393499999999999,0.0,1,9
1376,11,0,0,11,0,8916,57641,926,0,950,130,1.393499999999999,0.0,1,9
1377,11,0,0,11,0,8916,57641,926,0,950,130,1.393499999999999,0.0,1,9
1378,11,0,0,11,0,8916,57641,926,0,950,130,1.393499999999999,0.0,1,9
1379,11,0,0,11,0,8916,57641,926,0,950,130,1.393499999999999,0.0,1,9
1380,11,0,0,11,0,8916,57641,926,0,950,130,1.393499999999999,0.0,1,9
1381,11,0,0,11,0,8916,57641,926,0,950,130,1.393499999999999,0.0,1,9
1382,11,0,0,11,0,8916,57641,926,0,950,130,1.393499999999999,0.0,1,9
1383,11,0,0,11,0,8916,57641,926,0,950,130,1.393499999999999,0.0,1,9
1384,11,0,0,11,0,8916,57641,926,0,950,130,1.393499999999999,0.0,1,9
1385,11,0,0,11,0,8916,57641,926,0,950,130,1.393499999999999,0.0,1,9
1386,11,0,0,11,0,8916,57641,926,0,950,130,1.393499999999999,0.0,1,9
1387,11,0,0,11,0,8916,57641,926,0,950,130,1.393499999999999,0.0,1,9
1388,11,0,0,11,0,8916,57641,926,0,950,130,1.393499999999999,0.0,1,9
1389,11,0,0,11,0,8916,57641,926,0,950,130,1.393499999999999,0.0,1,9
1390,11,0,0,11,0,8916,57641,926,0,950,130,1.393499999999999,0.0,1,9
1391,11,0,0,11,0,8916,57641,926,0,950,130,1.393499999999999,0.0,1,9
1392,11,0,0,11,0,8916,57641,926,0,950,130,1.393499999999999,0.0,1,9
1393,11,0,0,11,0,8916,57641,926,0,950,130,1.393499999999999,0.0,1,9
1394,11,0,0,11,0,8916,57641,926,0,950,130,1.393499999999999,0.0,1,9
1395,11,0,0,11,0,8916,57641,926,0,950,130,1.393499999999999,0.0,1,9
1396,11,0,0,11,0,8916,57641,926,0,950,130,1.393499999999999,0.0,1,9
1397,11,0,0,11,0,8916,57641,926,0,950,130,1.393499999999999,0.0,1,9
1398,11,0,0,11,0,8916,57641,926,0,950,130,1.393499999999999,0.0,1,9
1399,11,0,0,11,0,8916,57641,926,0,950,130,1.393499999999999,0.0,1,9
1400,11,0,0,11,0,8916,57641,926,0,950,130,1.393499999999999,0.0,1,9
1401,11,0,0,11,0,8916,57641,926,0,950,130,1.393499999999999,0.0,1,9
1402,11,0,0,11,0,8916,57641,926,0,950,130,1.393499999999999,0.0,1,9
1403,11,0,0,11,0,8916,57641,926,0,950,130,1.393499999999999,0.0,1,9
1404,11,0,0,11,0,8916,57641,926,0,950,130,1.393499999999999,0.0,1,9
1405,11,0,0,11,0,8916,57641,926,0,950,130,1.393499999999999,0.0,1,9
1406,11,0,0,11,0,8916,57641,926,0,950,130,1.393499999999999,0.0,1,9
1407,11,0,0,11,0,8916,57641,926,0,950,130,1.393499999999999,0.0,1,9
1408,11,0,0,11,0,8916,57641,926,0,950,130,1.393499999999999,0.0,1,9
1409,11,0,0,11,0,8916,57641,926,0,950,130,1.393499999999999,0.0,1,9
1410,11,0,0,11,0,8916,57641,926,0,950,130,1.393499999999999,0.0,1,9
1411,11,0,0,11,0,8916,57641,926,0,950,130,1.393499999999999,0.0,1,9
1412,11,0,0,11,0,8916,57641,926,0,950,130,1.393499999999999,0.0,1,9
1413,11,0,0,11,0,8916,57641,926,0,950,130,1.393499999999999,0.0,1,9
1414,11,0,0,11,0,8916,57641,926,0,950,130,1.393499999999999,0.0,1,9
1415,11,0,0,11,0,8916,57641,926,0,950,130,1.393499999999999,0.0,1,9
1416,11,0,0,11,0,8916,57641,926,0,950,130,1.393499999999999,0.0,1,9
1417,11,0,0,11,0,8916,57641,926,0,950,130,1.393499999999999,0.0,1,9
1418,11,0,0,11,0,8916,57641,926,0,950,130,1.393499999999999,0.0,1,9
1419,11,0,0,11,0,8916,57641,926,0,950,130,1.393499999999999,0.0,1,9
1420,11,0,0,11,0,8916,57641,926,0,950,130,1.393499999999999,0.0,1,9
1421,11,0,0,11,0,8916,57641,926,0,950,130,1.393499999999999,0.0,1,9
1422,11,0,0,11,0,8916,57641,926,0,950,130,1.393499999999999,0.0,1,9
1423,11,0,0,11,0,8916,57641,926,0,950,130,1.393499999999999,0.0,1,9
1424,11,0,0,11,0,8916,57641,926,0,950,130,1.393499999999999,0.0,1,9
1425,11,0,0,11,0,8916,57641,926,0,950,130,1.393499999999999,0.0,1,9
1426,11,0,0,11,0,8916,57641,926,0,950,130,1.393499999999999,0.0,1,9
1427,11,0,0,11,0,8916,57641,926,0,950,130,1.393499999999999,0.0,1,9
1428,11,0,0,11,0,8916,57641,926,0,950,130,1.393499999999999,0.0,1,9
1429,11,0,0,11,0,8916,57641,926,0,950,130,1.393499999999999,0.0,1,9
1430,11,0,0,11,0,8916,57641,926,0,950,130,1.393499999999999,0.0,1,9
1431,11,0,0,11,0,8916,57641,926,0,950,130,1.393499999999999,0.0,1,9
1432,11,0,0,11,0,8916,57641,926,0,950,130,1.393499999999999,0.0,1,9
1433,11,0,0,11,0,8916,57641,926,0,950,130,1.393499999999999,0.0,1,9
1434,11,0,0,11,0,8916,57641,926,0,950,130,1.393499999999999,0.0,1,9
1435,11,0,0,11,0,8916,57641,926,0,950,130,1.393499999999999,0.0,1,9
1436,11,0,0,11,0,8916,57641,926,0,950,130,1.393499999999999,0.0,1,9
1437,11,0,0,11,0,8916,57641,926,0,950,130,1.393499999999999,0.0,1,9
1438,11,0,0,11,0,8916,57641,926,0,950,130,1.393499999999999,0.0,1,9
1439,11,0,0,11,0,8916,57641,926,0,950,130,1.393499999999999,0.0,1,9
1440,11,0,0,11,0,8916,57641,926,0,950,130,1.393499999999999,0.0,1,9
1441,11,0,0,11,0,8916,57641,926,0,950,130,1.393499999999999,0.0,1,9
1442,11,0,0,11,0,8916,57641,926,0,950,130,1.393499999999999,0.0,1,9
1443,11,0,0,11,0,8916,57641,926,0,950,130,1.393499999999999,0.0,1,9
1444,11,0,0,11,0,8916,57641,926,0,950,130,1.393499999999999,0.0,1,9
1445,11,0,0,11,0,8916,57641,926,0,950,130,1.393499999999999,0.0,1,9
1446,11,0,0,11,0,8916,57641,926,0,950,130,1.393499999999999,0.0,1,9
1447,11,0,0,11,0,8916,57641,926,0,950,130,1.393499999999999,0.0,1,9
1448,11,0,0,11,0,8916,57641,926,0,950,130,1.393499999999999,0.0,1,9
1449,11,0,0,11,0,8916,57641,926,0,950,130,1.393499999999999,0.0,1,9
1450,11,0,0,11,0,8916,57641,926,0,950,130,1.393499999999999,0.0,1,9
1451,11,0,0,11,0,8916,57641,926,0,950,130,1.393499999999999,0.0,1,9
1452,11,0,0,11,0,8916,57641,926,0,950,130,1.393499999999999,0.0,1,9
1453,11,0,0,11,0,8916,57641,926,0,950,130,1.393499999999999,0.0,1,9
1454,11,0,0,11,0,8916,57641,926,0,950,130,1.393499999999999,0.0,1,9
1455,11,0,0,11,0,8916,57641,926,0,950,130,1.393499999999999,0.0,1,9
1456,11,0,0,11,0,8916,57641,926,0,950,130,1.393499999999999,0.0,1,9
1457,11,0,0,11,0,8916,57641,926,0,950,130,1.393499999999999,0.0,1,9
1458,11,0,0,11,0,8916,57641,926,0,950,130,1.393499999999999,0.0,1,9
1459,11,0,0,11,0,8916,57641,926,0,950,130,1.393499999999999,0.0,1,9
1460,11,0,0,11,0,8916,57641,926,0,950,130,1.393499999999999,0.0,1,9
1461,11,0,0,11,0,8916,57641,926,0,950,130,1.393499999999999,0.0,1,9
1462,11,0,0,11,0,8916,57641,926,0,950,130,1.393499999999999,0.0,1,9
1463,11,0,0,11,0,8916,57641,926,0,950,130,1.393499999999999,0.0,1,9
1464,11,0,0,11,0,8916,57641,926,0,950,130,1.393499999999999,0.0,1,9
1465,11,0,0,11,0,8916,57641,926,0,950,130,1.393499999999999,0.0,1,9
1466,11,0,0,11,0,8916,57641,926,0,950,130,1.393499999999999,0.0,1,9
1467,11,0,0,11,0,8916,57641,926,0,950,130,1.393499999999999,0.0,1,9
1468,11,0,0,11,0,8916,57641,926,0,950,130,1.393499999999999,0.0,1,9
1469,11,0,0,11,0,8916,57641,926,0,950,130,1.393499999999999,0.0,1,9
1470,11,0,0,11,0,8916,57641,926,0,950,130,1.393499999999999,0.0,1,9
1471,11,0,0,11,0,8916,57641,926,0,950,130,1.393499999999999,0.0,1,9
1472,11,0,0,11,0,8916,57641,926,0,950,130,1.393499999999999,0.0,1,9
1473,11,0,0,11,0,8916,57641,926,0,950,130,1.393499999999999,0.0,1,9
1474,11,0,0,11,0,8916,57641,926,0,950,130,1.393499999999999,0.0,1,9
1475,11,0,0,11,0,8916,57641,926,0,950,130,1.393499999999999,0.0,1,9
1476,11,0,0,11,0,8916,57641,926,0,950,130,1.393499999999999,0.0,1,9
1477,11,0,0,11,0,8916,57641,926,0,950,130,1.393499999999999,0.0,1,9
1478,11,0,0,11,0,8916,57641,926,0,950,130,1.393499999999999,0.0,1,9
1479,11,0,0,11,0,8916,57641,926,0,950,130,1.393499999999999,0.0,1,9
1480,11,0,0,11,0,8916,57641,926,0,950,130,1.393499999999999,0.0,1,9
