upstream_run_id,spatial_condition,object_id,anchor_definition,scheduled_time,accepted_birth_time,opening_time,event_resolution,first_anchor_outside_time,whole_body_exit_time,delta_s,post_open_s,delta_over_post_open,anchor_return_count,observation_end,censor_status
r12ce_g1_2500s,r3_s0,1,head/assembly anchor c; occupied zero-offset site,1238,1238,1301,exact CTMC event; checkpoint-identical replay,1304.9648629424728,1307.1603951231812,2.195532180708369,6.160395123181161,0.3563947014448353,1,1480,observed
r12ce_g1_2500s,r3_s0,2,head/assembly anchor c; occupied zero-offset site,1239,1239,1301,exact CTMC event; checkpoint-identical replay,1301.1630265504825,1301.1634740404475,0.0004474899649267172,0.16347404044745417,0.0027373763057539093,0,1480,observed
r12ce_g1_2500s,r3_s0,3,head/assembly anchor c; occupied zero-offset site,1294,1294,1301,exact CTMC event; checkpoint-identical replay,1301.0175130671055,1301.0319470346794,0.014433967573950213,0.03194703467943327,0.4518093062090189,6,1480,observed
r12ce_g1_2500s,r3_s0,4,head/assembly anchor c; occupied zero-offset site,1301,1301,1301,exact CTMC event; checkpoint-identical replay,1308.4879328663642,1308.9205579038064,0.4326250374422216,7.920557903806412,0.05462052581350531,6,1480,observed
r12ce_g1_2500s,r3_s0,5,head/assembly anchor c; occupied zero-offset site,1303,1303,1301,exact CTMC event; checkpoint-identical replay,1312.8282913586536,1312.8295305196043,0.0012391609507176327,9.829530519604305,0.00012606512063279254,1,1480,observed
r12ce_g1_2500s,r3_s0,6,head/assembly anchor c; occupied zero-offset site,1304,1304,1301,exact CTMC event; checkpoint-identical replay,1307.0819564114856,1311.120036634668,4.038080223182305,7.12003663466794,0.5671431806292427,4,1480,observed
r12ce_g1_2500s,r3_s0,7,head/assembly anchor c; occupied zero-offset site,1307,1307,1301,exact CTMC event; checkpoint-identical replay,1311.1317449866604,1311.2173199236186,0.08557493695820995,4.217319923618561,0.020291307870422267,14,1480,observed
r12ce_g1_2500s,r3_s0,8,head/assembly anchor c; occupied zero-offset site,1312,1312,1301,exact CTMC event; checkpoint-identical replay,1315.5577475227726,1316.8236813603628,1.2659338375901825,4.823681360362798,0.26244143072812115,3,1480,observed
r12ce_g1_2500s,r3_s0,9,head/assembly anchor c; occupied zero-offset site,1320,1320,1301,exact CTMC event; checkpoint-identical replay,1320.230925109825,1324.8847626146517,4.653837504826697,4.884762614651663,0.9527254181948751,29,1480,observed
r12ce_g1_2500s,r3_s0,10,head/assembly anchor c; occupied zero-offset site,1322,1322,1301,exact CTMC event; checkpoint-identical replay,1325.2393811254751,1325.2776117178498,0.03823059237470261,3.2776117178498225,0.011664161488836337,2,1480,observed
r12ce_g1_2500s,r3_s0,11,head/assembly anchor c; occupied zero-offset site,1323,1323,1301,exact CTMC event; checkpoint-identical replay,1323.0343621882778,1323.0345228865453,0.00016069826756393013,0.03452288654534641,0.004654832884638721,0,1480,observed
r12ce_g1_2500s,r3_s1,1,head/assembly anchor c; occupied zero-offset site,1238,1238,1301,exact CTMC event; checkpoint-identical replay,1305.0929604445869,1305.093212468795,0.0002520242080663593,4.093212468794945,6.157124996263778e-05,0,1480,observed
r12ce_g1_2500s,r3_s1,2,head/assembly anchor c; occupied zero-offset site,1239,1239,1301,exact CTMC event; checkpoint-identical replay,1305.2767183529427,1305.3879848599831,0.1112665070404546,4.387984859983135,0.02535708544830354,10,1480,observed
r12ce_g1_2500s,r3_s1,3,head/assembly anchor c; occupied zero-offset site,1294,1294,1301,exact CTMC event; checkpoint-identical replay,1302.5317148108113,1308.6522535132124,6.120538702401063,7.652253513212372,0.7998348057645174,9,1480,observed
r12ce_g1_2500s,r3_s1,4,head/assembly anchor c; occupied zero-offset site,1301,1301,1301,exact CTMC event; checkpoint-identical replay,1305.8364851020053,1308.1729157891818,2.3364306871765166,7.172915789181843,0.325729557664724,32,1480,observed
r12ce_g1_2500s,r3_s1,5,head/assembly anchor c; occupied zero-offset site,1303,1303,1301,exact CTMC event; checkpoint-identical replay,1306.5879956850035,1306.5882135147779,0.00021782977432849293,3.5882135147778627,6.070702688994755e-05,0,1480,observed
r12ce_g1_2500s,r3_s1,6,head/assembly anchor c; occupied zero-offset site,1304,1304,1301,exact CTMC event; checkpoint-identical replay,1309.018612963139,1310.6322088346262,1.6135958714871776,6.632208834626226,0.24329690329754455,4,1480,observed
r12ce_g1_2500s,r3_s1,7,head/assembly anchor c; occupied zero-offset site,1307,1307,1301,exact CTMC event; checkpoint-identical replay,1307.630803386443,1307.7057860921564,0.07498270571340981,0.7057860921563588,0.1062399876488332,8,1480,observed
r12ce_g1_2500s,r3_s1,8,head/assembly anchor c; occupied zero-offset site,1312,1312,1301,exact CTMC event; checkpoint-identical replay,1314.0660249350613,1314.0780446773645,0.012019742303209568,2.07804467736446,0.005784159712318579,5,1480,observed
r12ce_g1_2500s,r3_s1,9,head/assembly anchor c; occupied zero-offset site,1320,1320,1301,exact CTMC event; checkpoint-identical replay,1321.1127717414058,1321.1308587257959,0.018086984390038197,1.1308587257958607,0.015994026466311415,3,1480,observed
r12ce_g1_2500s,r3_s1,10,head/assembly anchor c; occupied zero-offset site,1322,1322,1301,exact CTMC event; checkpoint-identical replay,1323.0286814427236,1323.1227400930347,0.09405865031112626,1.1227400930347358,0.08377597887048667,6,1480,observed
r12ce_g1_2500s,r3_s1,11,head/assembly anchor c; occupied zero-offset site,1323,1323,1301,exact CTMC event; checkpoint-identical replay,1326.8653846098377,1329.6293993447032,2.764014734865441,6.629399344703188,0.41693290615745693,22,1480,observed
r12ce_g1_2500s,r3_s2,1,head/assembly anchor c; occupied zero-offset site,1238,1238,1301,exact CTMC event; checkpoint-identical replay,1301.0348339173322,1301.0348660185632,3.210123099961493e-05,0.034866018563207035,0.0009207025155860584,0,1480,observed
r12ce_g1_2500s,r3_s2,2,head/assembly anchor c; occupied zero-offset site,1239,1239,1301,exact CTMC event; checkpoint-identical replay,1305.1212803430276,1305.123180141515,0.0018997984873294627,4.123180141514922,0.00046076048635397397,2,1480,observed
r12ce_g1_2500s,r3_s2,3,head/assembly anchor c; occupied zero-offset site,1294,1294,1301,exact CTMC event; checkpoint-identical replay,1313.2598577834551,1317.6760098462216,4.416152062766514,16.676009846221632,0.2648206677430755,4,1480,observed
r12ce_g1_2500s,r3_s2,4,head/assembly anchor c; occupied zero-offset site,1301,1301,1301,exact CTMC event; checkpoint-identical replay,1301.1513845766397,1301.151487739952,0.00010316331236026599,0.15148773995201736,0.0006810010657822357,0,1480,observed
r12ce_g1_2500s,r3_s2,5,head/assembly anchor c; occupied zero-offset site,1303,1303,1301,exact CTMC event; checkpoint-identical replay,1303.6460139327453,1303.6466474877489,0.0006335550035601045,0.6466474877488508,0.0009797532899504108,0,1480,observed
r12ce_g1_2500s,r3_s2,6,head/assembly anchor c; occupied zero-offset site,1304,1304,1301,exact CTMC event; checkpoint-identical replay,1308.1993349207535,1308.20259449422,0.003259573466493748,4.202594494219966,0.0007756097979419141,1,1480,observed
r12ce_g1_2500s,r3_s2,7,head/assembly anchor c; occupied zero-offset site,1307,1307,1301,exact CTMC event; checkpoint-identical replay,1311.528133472342,1312.8832140307022,1.3550805583602141,5.88321403070222,0.23032997801687521,2,1480,observed
r12ce_g1_2500s,r3_s2,8,head/assembly anchor c; occupied zero-offset site,1312,1312,1301,exact CTMC event; checkpoint-identical replay,1316.0724038418473,1320.408170953729,4.335767111881751,8.40817095372904,0.5156611510091655,19,1480,observed
r12ce_g1_2500s,r3_s2,9,head/assembly anchor c; occupied zero-offset site,1320,1320,1301,exact CTMC event; checkpoint-identical replay,1320.0481889733533,1320.4202245432775,0.37203556992426456,0.4202245432775271,0.8853256571417407,20,1480,observed
r12ce_g1_2500s,r3_s2,10,head/assembly anchor c; occupied zero-offset site,1322,1322,1301,exact CTMC event; checkpoint-identical replay,1322.228988003058,1325.2414998994511,3.0125118963931072,3.241499899451128,0.9293573931324833,5,1480,observed
r12ce_g1_2500s,r3_s2,11,head/assembly anchor c; occupied zero-offset site,1323,1323,1301,exact CTMC event; checkpoint-identical replay,1323.0222396891177,1323.0239236248365,0.0016839357188018766,0.02392362483647048,0.07038798385747937,1,1480,observed
r12ce_g1_2500s,r2_s0,1,head/assembly anchor c; occupied zero-offset site,1238,1238,1301,exact CTMC event; checkpoint-identical replay,1310.6015237458566,1310.6211334956201,0.019609749763503714,9.621133495620143,0.0020381953719310433,0,1480,observed
r12ce_g1_2500s,r2_s0,2,head/assembly anchor c; occupied zero-offset site,1239,1239,1301,exact CTMC event; checkpoint-identical replay,1310.354084461494,1310.3555146790136,0.001430217519555299,9.355514679013595,0.00015287427454564102,0,1480,observed
r12ce_g1_2500s,r2_s0,3,head/assembly anchor c; occupied zero-offset site,1294,1294,1301,exact CTMC event; checkpoint-identical replay,1301.0184171354379,1301.0318207165112,0.013403581073362147,0.03182071651121987,0.42122184987997024,2,1480,observed
r12ce_g1_2500s,r2_s0,4,head/assembly anchor c; occupied zero-offset site,1301,1301,1301,exact CTMC event; checkpoint-identical replay,1316.852981237582,1319.9703906572252,3.1174094196430815,18.970390657225153,0.16433027004932924,3,1480,observed
r12ce_g1_2500s,r2_s0,5,head/assembly anchor c; occupied zero-offset site,1303,1303,1301,exact CTMC event; checkpoint-identical replay,1316.1642840070158,1316.1924229633887,0.028138956372913526,13.192422963388708,0.002132963478430314,2,1480,observed
r12ce_g1_2500s,r2_s0,6,head/assembly anchor c; occupied zero-offset site,1304,1304,1301,exact CTMC event; checkpoint-identical replay,1308.2667140249978,1308.4368110611376,0.1700970361398504,4.436811061137632,0.03833767852540383,6,1480,observed
r12ce_g1_2500s,r2_s0,7,head/assembly anchor c; occupied zero-offset site,1307,1307,1301,exact CTMC event; checkpoint-identical replay,1311.1480003997642,1311.2084911854724,0.0604907857082253,4.20849118547244,0.01437350894711086,11,1480,observed
r12ce_g1_2500s,r2_s0,8,head/assembly anchor c; occupied zero-offset site,1312,1312,1301,exact CTMC event; checkpoint-identical replay,1317.5193552769977,1317.5355063959378,0.01615111894011534,5.535506395937773,0.002917731059251928,2,1480,observed
r12ce_g1_2500s,r2_s0,9,head/assembly anchor c; occupied zero-offset site,1320,1320,1301,exact CTMC event; checkpoint-identical replay,1320.2453492013688,1338.7167060116196,18.47135681025088,18.716706011619635,0.9868914326475804,15,1480,observed
r12ce_g1_2500s,r2_s0,10,head/assembly anchor c; occupied zero-offset site,1322,1322,1301,exact CTMC event; checkpoint-identical replay,1322.5679653986392,1322.5685936095192,0.0006282108799950947,0.5685936095192119,0.001104850405417489,0,1480,observed
r12ce_g1_2500s,r2_s0,11,head/assembly anchor c; occupied zero-offset site,1323,1323,1301,exact CTMC event; checkpoint-identical replay,1327.2495648113236,1327.2571007947195,0.007535983395882795,4.257100794719463,0.0017702149324795129,2,1480,observed
r12ce_g1_2500s,r2_s1,1,head/assembly anchor c; occupied zero-offset site,1238,1238,1301,exact CTMC event; checkpoint-identical replay,1303.4409104197023,1303.4683178165772,0.02740739687487803,2.468317816577155,0.011103674207110082,1,1480,observed
r12ce_g1_2500s,r2_s1,2,head/assembly anchor c; occupied zero-offset site,1239,1239,1301,exact CTMC event; checkpoint-identical replay,1318.458668468827,1318.4589664035163,0.0002979346893425827,17.458966403516342,1.7064852664048706e-05,0,1480,observed
r12ce_g1_2500s,r2_s1,3,head/assembly anchor c; occupied zero-offset site,1294,1294,1301,exact CTMC event; checkpoint-identical replay,1308.6522535132124,1308.6570695519856,0.004816038773242326,7.6570695519856145,0.0006289663089181998,3,1480,observed
r12ce_g1_2500s,r2_s1,4,head/assembly anchor c; occupied zero-offset site,1301,1301,1301,exact CTMC event; checkpoint-identical replay,1313.7600949116454,1313.8134849469723,0.05339003532685638,12.813484946972267,0.004166706836415495,3,1480,observed
r12ce_g1_2500s,r2_s1,5,head/assembly anchor c; occupied zero-offset site,1303,1303,1301,exact CTMC event; checkpoint-identical replay,1306.581496671375,1306.5831965986783,0.0016999273034343787,3.5831965986783416,0.0004744164202604443,1,1480,observed
r12ce_g1_2500s,r2_s1,6,head/assembly anchor c; occupied zero-offset site,1304,1304,1301,exact CTMC event; checkpoint-identical replay,1310.6204729083852,1310.6675711419157,0.04709823353050524,6.667571141915687,0.007063776677900321,4,1480,observed
r12ce_g1_2500s,r2_s1,7,head/assembly anchor c; occupied zero-offset site,1307,1307,1301,exact CTMC event; checkpoint-identical replay,1307.707818931087,1307.7627870140643,0.05496808297721145,0.7627870140643154,0.0720621640952277,2,1480,observed
r12ce_g1_2500s,r2_s1,8,head/assembly anchor c; occupied zero-offset site,1312,1312,1301,exact CTMC event; checkpoint-identical replay,1314.0694278099932,1314.089912095062,0.020484285068732788,2.089912095061891,0.009801505583480613,5,1480,observed
r12ce_g1_2500s,r2_s1,9,head/assembly anchor c; occupied zero-offset site,1320,1320,1301,exact CTMC event; checkpoint-identical replay,1321.1160098621208,1321.1820292154705,0.06601935334970221,1.182029215470493,0.05585255633755548,1,1480,observed
r12ce_g1_2500s,r2_s1,10,head/assembly anchor c; occupied zero-offset site,1322,1322,1301,exact CTMC event; checkpoint-identical replay,1330.6570841533062,1330.6579324711045,0.0008483177982725465,8.65793247110446,9.798156789785286e-05,0,1480,observed
r12ce_g1_2500s,r2_s1,11,head/assembly anchor c; occupied zero-offset site,1323,1323,1301,exact CTMC event; checkpoint-identical replay,1329.6120761853474,1329.6409701661742,0.02889398082675143,6.6409701661741565,0.004350867434087144,3,1480,observed
r12ce_g1_2500s,r2_s2,1,head/assembly anchor c; occupied zero-offset site,1238,1238,1301,exact CTMC event; checkpoint-identical replay,1301.074667875625,1301.0754610055005,0.0007931298755465832,0.0754610055005287,0.010510459942665704,2,1480,observed
r12ce_g1_2500s,r2_s2,2,head/assembly anchor c; occupied zero-offset site,1239,1239,1301,exact CTMC event; checkpoint-identical replay,1317.480683811219,1336.6443120132778,19.163628202058817,35.64431201327784,0.5376349582766582,5,1480,observed
r12ce_g1_2500s,r2_s2,3,head/assembly anchor c; occupied zero-offset site,1294,1294,1301,exact CTMC event; checkpoint-identical replay,1319.4317767822458,1330.3826052048348,10.950828422588984,29.382605204834817,0.3726976674208269,16,1480,observed
r12ce_g1_2500s,r2_s2,4,head/assembly anchor c; occupied zero-offset site,1301,1301,1301,exact CTMC event; checkpoint-identical replay,1316.9640755156445,1345.0704128911952,28.106337375550766,44.07041289119525,0.6377597923791198,13,1480,observed
r12ce_g1_2500s,r2_s2,5,head/assembly anchor c; occupied zero-offset site,1303,1303,1301,exact CTMC event; checkpoint-identical replay,1327.6084465744234,1327.70240576829,0.09395919386656715,24.702405768289964,0.0038036454727490908,8,1480,observed
r12ce_g1_2500s,r2_s2,6,head/assembly anchor c; occupied zero-offset site,1304,1304,1301,exact CTMC event; checkpoint-identical replay,1310.686730826609,1310.787008296265,0.10027746965602091,6.787008296264958,0.014774914848889436,15,1480,observed
r12ce_g1_2500s,r2_s2,7,head/assembly anchor c; occupied zero-offset site,1307,1307,1301,exact CTMC event; checkpoint-identical replay,1309.1165815917266,1309.1184830492725,0.0019014575459550542,2.118483049272527,0.0008975561766274232,1,1480,observed
r12ce_g1_2500s,r2_s2,8,head/assembly anchor c; occupied zero-offset site,1312,1312,1301,exact CTMC event; checkpoint-identical replay,1320.5243922093734,1320.5794134330813,0.055021223707854006,8.5794134330813,0.006413168468568965,8,1480,observed
r12ce_g1_2500s,r2_s2,9,head/assembly anchor c; occupied zero-offset site,1320,1321,1301,exact CTMC event; checkpoint-identical replay,1321.032935547347,1321.0428530590598,0.00991751171272881,0.04285305905978021,0.23143065933505091,7,1480,observed
r12ce_g1_2500s,r2_s2,10,head/assembly anchor c; occupied zero-offset site,1322,1322,1301,exact CTMC event; checkpoint-identical replay,1324.2085035848368,1324.2091389546688,0.0006353698320253898,2.209138954668788,0.00028760971811329526,0,1480,observed
r12ce_g1_2500s,r2_s2,11,head/assembly anchor c; occupied zero-offset site,1323,1323,1301,exact CTMC event; checkpoint-identical replay,1337.767944440595,1337.7708190713136,0.0028746307184519537,14.770819071313554,0.00019461552569110955,2,1480,observed
r12ce_g1_2500s,r4_s0,1,head/assembly anchor c; occupied zero-offset site,1238,1238,1301,exact CTMC event; checkpoint-identical replay,1309.3989057539702,1310.5596272319453,1.1607214779751303,9.559627231945342,0.12141911497305617,4,1480,observed
r12ce_g1_2500s,r4_s0,2,head/assembly anchor c; occupied zero-offset site,1239,1239,1301,exact CTMC event; checkpoint-identical replay,1301.2073073281476,1301.2087628216275,0.001455493479852521,0.20876282162748794,0.006971995628846565,0,1480,observed
r12ce_g1_2500s,r4_s0,3,head/assembly anchor c; occupied zero-offset site,1294,1294,1301,exact CTMC event; checkpoint-identical replay,1301.0177384438582,1301.025572767419,0.007834323560700795,0.02557276741890746,0.30635415527646087,4,1480,observed
r12ce_g1_2500s,r4_s0,4,head/assembly anchor c; occupied zero-offset site,1301,1301,1301,exact CTMC event; checkpoint-identical replay,1306.5477165962225,1306.5755951771905,0.02787858096803575,5.5755951771905075,0.0050001085233170595,6,1480,observed
r12ce_g1_2500s,r4_s0,5,head/assembly anchor c; occupied zero-offset site,1303,1303,1301,exact CTMC event; checkpoint-identical replay,1303.1156844783,1303.1196972600112,0.00401278171125341,0.11969726001120762,0.03352442412531149,1,1480,observed
r12ce_g1_2500s,r4_s0,6,head/assembly anchor c; occupied zero-offset site,1304,1304,1301,exact CTMC event; checkpoint-identical replay,1305.9036867595878,1311.1239728644746,5.220286104886782,7.123972864474581,0.7327773707447715,10,1480,observed
r12ce_g1_2500s,r4_s0,7,head/assembly anchor c; occupied zero-offset site,1307,1307,1301,exact CTMC event; checkpoint-identical replay,1309.656352274935,1309.65795155646,0.0015992815249319392,2.6579515564599205,0.0006016970177823687,0,1480,observed
r12ce_g1_2500s,r4_s0,8,head/assembly anchor c; occupied zero-offset site,1312,1312,1301,exact CTMC event; checkpoint-identical replay,1314.7329289453128,1316.854563944291,2.121634998978152,4.8545639442909305,0.43703925281965633,19,1480,observed
r12ce_g1_2500s,r4_s0,9,head/assembly anchor c; occupied zero-offset site,1320,1320,1301,exact CTMC event; checkpoint-identical replay,1320.149076919551,1320.151703558794,0.0026266392430898122,0.15170355879399722,0.01731428889322632,1,1480,observed
r12ce_g1_2500s,r4_s0,10,head/assembly anchor c; occupied zero-offset site,1322,1322,1301,exact CTMC event; checkpoint-identical replay,1323.682245873138,1323.686492527942,0.004246654803864658,1.6864925279419367,0.002518039501216731,1,1480,observed
r12ce_g1_2500s,r4_s0,11,head/assembly anchor c; occupied zero-offset site,1323,1323,1301,exact CTMC event; checkpoint-identical replay,1323.097721576246,1323.0984160502512,0.0006944740052858833,0.0984160502512168,0.007056511651434588,1,1480,observed
r12ce_g1_2500s,r4_s1,1,head/assembly anchor c; occupied zero-offset site,1238,1238,1301,exact CTMC event; checkpoint-identical replay,1303.4074784013305,1303.432933782428,0.02545538109757217,2.4329337824281083,0.010462833506371587,1,1480,observed
r12ce_g1_2500s,r4_s1,2,head/assembly anchor c; occupied zero-offset site,1239,1239,1301,exact CTMC event; checkpoint-identical replay,1304.453733351148,1311.5167991603082,7.063065809160207,10.51679916030821,0.6715984304252145,4,1480,observed
r12ce_g1_2500s,r4_s1,3,head/assembly anchor c; occupied zero-offset site,1294,1294,1301,exact CTMC event; checkpoint-identical replay,1302.5302958204966,1308.6519893794164,6.121693558919787,7.651989379416364,0.8000133371051156,27,1480,observed
r12ce_g1_2500s,r4_s1,4,head/assembly anchor c; occupied zero-offset site,1301,1301,1301,exact CTMC event; checkpoint-identical replay,1302.0882348570772,1302.1091070366886,0.020872179611387764,1.109107036688556,0.018818904687238767,0,1480,observed
r12ce_g1_2500s,r4_s1,5,head/assembly anchor c; occupied zero-offset site,1303,1303,1301,exact CTMC event; checkpoint-identical replay,1303.1398320726023,1303.1469750779065,0.007143005304214967,0.14697507790651798,0.04860011238611626,6,1480,observed
r12ce_g1_2500s,r4_s1,6,head/assembly anchor c; occupied zero-offset site,1304,1304,1301,exact CTMC event; checkpoint-identical replay,1305.0138709353512,1309.0333895655149,4.019518630163702,5.033389565514881,0.798570938697556,6,1480,observed
r12ce_g1_2500s,r4_s1,7,head/assembly anchor c; occupied zero-offset site,1307,1307,1301,exact CTMC event; checkpoint-identical replay,1307.6185713833263,1307.706182534223,0.08761115089669147,0.7061825342229895,0.1240630384509435,11,1480,observed
r12ce_g1_2500s,r4_s1,8,head/assembly anchor c; occupied zero-offset site,1312,1312,1301,exact CTMC event; checkpoint-identical replay,1312.3213145119187,1312.3461643112246,0.0248497993059118,0.3461643112245838,0.07178613883679591,2,1480,observed
r12ce_g1_2500s,r4_s1,9,head/assembly anchor c; occupied zero-offset site,1320,1320,1301,exact CTMC event; checkpoint-identical replay,1321.1127717414058,1321.1313118906007,0.018540149194905098,1.1313118906007276,0.016388185564866875,6,1480,observed
r12ce_g1_2500s,r4_s1,10,head/assembly anchor c; occupied zero-offset site,1322,1322,1301,exact CTMC event; checkpoint-identical replay,1322.5243448428434,1322.5339585298361,0.009613686992679504,0.5339585298361271,0.018004557386937826,1,1480,observed
r12ce_g1_2500s,r4_s1,11,head/assembly anchor c; occupied zero-offset site,1323,1323,1301,exact CTMC event; checkpoint-identical replay,1323.628519374959,1323.6300908052117,0.0015714302526248503,0.6300908052116938,0.0024939742647044206,1,1480,observed
r12ce_g1_2500s,r4_s2,1,head/assembly anchor c; occupied zero-offset site,1238,1238,1301,exact CTMC event; checkpoint-identical replay,1301.0201039850144,1301.022225123438,0.0021211384234902653,0.022225123437920047,0.09543876907658576,2,1480,observed
r12ce_g1_2500s,r4_s2,2,head/assembly anchor c; occupied zero-offset site,1239,1239,1301,exact CTMC event; checkpoint-identical replay,1305.1212803430276,1305.1230657330357,0.0017853900080808671,4.1230657330356735,0.00043302487122036376,0,1480,observed
r12ce_g1_2500s,r4_s2,3,head/assembly anchor c; occupied zero-offset site,1294,1294,1301,exact CTMC event; checkpoint-identical replay,1306.8973810227508,1306.9032446880003,0.005863665249535188,5.9032446880003135,0.0009932953078252745,3,1480,observed
r12ce_g1_2500s,r4_s2,4,head/assembly anchor c; occupied zero-offset site,1301,1301,1301,exact CTMC event; checkpoint-identical replay,1303.26609562225,1303.8666967829372,0.6006011606871198,2.866696782937197,0.2095098317554702,2,1480,observed
r12ce_g1_2500s,r4_s2,5,head/assembly anchor c; occupied zero-offset site,1303,1303,1301,exact CTMC event; checkpoint-identical replay,1303.4248455703794,1303.4276942067904,0.002848636411044936,0.42769420679042014,0.006660451242541221,1,1480,observed
r12ce_g1_2500s,r4_s2,6,head/assembly anchor c; occupied zero-offset site,1304,1304,1301,exact CTMC event; checkpoint-identical replay,1305.8788179623632,1308.2352435512391,2.3564255888759362,4.235243551239137,0.556384906881329,2,1480,observed
r12ce_g1_2500s,r4_s2,7,head/assembly anchor c; occupied zero-offset site,1307,1307,1301,exact CTMC event; checkpoint-identical replay,1307.7458984049342,1311.527506722842,3.7816083179077395,4.527506722841963,0.8352518393465763,18,1480,observed
r12ce_g1_2500s,r4_s2,8,head/assembly anchor c; occupied zero-offset site,1312,1312,1301,exact CTMC event; checkpoint-identical replay,1314.1157732858253,1314.1342806683729,0.01850738254756834,2.134280668372867,0.008671484880982407,5,1480,observed
r12ce_g1_2500s,r4_s2,9,head/assembly anchor c; occupied zero-offset site,1320,1320,1301,exact CTMC event; checkpoint-identical replay,1320.0441849698923,1320.0497705371574,0.005585567265143254,0.04977053715742841,0.11222638099073823,0,1480,observed
r12ce_g1_2500s,r4_s2,10,head/assembly anchor c; occupied zero-offset site,1322,1322,1301,exact CTMC event; checkpoint-identical replay,1322.228988003058,1323.5068216744921,1.2778336714341094,1.5068216744921301,0.8480324467490816,13,1480,observed
r12ce_g1_2500s,r4_s2,11,head/assembly anchor c; occupied zero-offset site,1323,1323,1301,exact CTMC event; checkpoint-identical replay,1323.0208850120896,1323.0233513980727,0.0024663859830980073,0.023351398072691154,0.10562048471018019,0,1480,observed
